ophio_kim_ID,PFAM annotation,GO annotation (terminal nodes only),SignalP/SmallSecretedProteins,Transcription factors,Transmembrane domains,MEROPS proteases,Secondary metabolism,Description Blastp result,# aminoacids,# blastp hits,e-value,sim mean %,LD BH.Q,LD ADJ.P,LD PER,LD LAG,LD AMP...18,ZT4,ZT8,ZT12,ZT16,ZT20,ZT24,ZT28,ZT32,ZT36,ZT40,ZT44,ZT48,DD BH.Q,DD ADJ.P,DD PER,DD LAG,LD AMP...35,CT4,CT8,CT12,CT16,CT20,CT24,CT28,CT32,CT36,CT40,CT44,CT48,Clustered_Activity,ophio_cflo_ID,rhythmic_24h_ophio_cflo,rhythmic_24h_ophio_kim
Ophio5|3466,NA,NA,NA,NA,NA,NA,NA,hypothetical protein XA68_3161,123,1,1.05E-15,100,0.826219487,9.57E-05,28,26,0.891780772,2.715720676,1.389053001,1.20904756,0.69834477,1.519434753,2.024395772,4.943156157,2.377013674,1.931001002,0.914503415,1.089364026,1.814513473,1,1,16,0,0.566928152,2.739705911,1.919977144,0.789494626,2.538821817,1.747179188,0.958101499,1.567589847,2.663794488,1.438210126,1.913730668,0,0.873839601,night-active,NA,NA,NA
Ophio5|1446,PF00550.20|PP-binding;PF00550.20|PP-binding;PF07993.7|NAD_binding_4;PF00106.20|adh_short,GO:0016491|oxidoreductase activity;GO:0008152|metabolic process,NA,NA,NA,NA,NA,Type I Iterative Polyketide synthase (PKS),703,20,0,77.55,1,2.94E-04,24,4,0.330922832,0.605893742,1.223313722,0.511097378,0.393612507,0.123520483,0.461443154,1.169962208,0.942026726,0.340119495,0.241615959,0.159897182,0.399502256,1,1,28,6,0.178594816,0.361921378,0.953046506,0.33374091,0.499788119,0.341935321,0.112504343,0.106195991,0.281514645,0.350752295,0.354818485,0,0.263854165,night-active,NA,NA,NA
Ophio5|3328,NA,NA,SignalP: has predicted secretion signal; SSP: small secreted protein,NA,NA,NA,NA,hypothetical protein XA68_2643,197,1,9.66E-110,96,1,0.001933622,28,0,15.48339547,38.89058309,30.7948841,17.11229738,3.236369499,16.90858161,8.054280503,32.21477337,32.56388682,29.11655434,19.83040612,7.959326383,14.14770656,1,0.039672068,28,0,17.87584908,32.31377039,26.23439844,8.405326627,4.582852455,5.592542137,5.400208449,38.66478018,25.15698277,31.03941294,13.87734519,3.450740556,10.94506167,night-active,NA,NA,NA
Ophio5|4671,NA,NA,NA,NA,3,NA,NA,hypothetical protein XA68_3040,180,20,4.19E-101,58.55,1,0.001933622,24,6,43.85849663,87.56723787,292.2414027,97.24215889,87.36022992,73.82657732,44.86961053,94.18624197,229.9169759,170.144741,162.5795077,42.91251659,82.54131564,1,0.039672068,24,4,86.60386503,111.677073,299.4200017,14.81981736,16.88147364,4.78785015,7.110771715,162.2458822,229.5749335,107.245367,117.2367322,7.247699059,21.72253519,night-active,Ophcf2|01685,no,yes
Ophio5|5066,NA,NA,SignalP: has predicted secretion signal; SSP: small secreted protein,NA,NA,NA,NA,hypothetical protein XA68_4494,143,1,7.62E-41,100,1,0.001933622,24,2,3.61092479,12.16039369,8.612128605,5.413846296,3.608114644,3.723913807,4.819517384,13.30189591,11.38573043,11.8954613,3.34682847,4.533973422,8.124988107,1,0.039672068,24,4,2.768665895,6.09457727,12.32470177,4.486961126,3.729413095,2.841862445,7.150276002,6.749345173,10.82684471,8.097614704,5.550938077,0.854058288,3.869861092,night-active,NA,NA,NA
Ophio5|4554,PF12417.3|DUF3669,NA,NA,NA,NA,NA,NA,hypothetical protein XA68_3979,304,20,0,64.6,1,0.003127029,24,6,0.686727027,0.44163851,1.863608157,1.08140385,0.340700662,0.332627835,0.145241124,1.067640695,3.865569777,1.147399334,0,0,0.848359414,1,1,20,6,0.560141539,0.464103187,2.625590205,0.128389946,0.121432558,0.315701595,0.259682155,1.764872907,1.256262948,0.359824576,0.655192691,0.716848923,0.355265936,night-active,NA,NA,NA
Ophio5|4319,NA,NA,NA,NA,1,NA,NA,hypothetical protein XA68_2043,129,20,7.29E-67,61.85,1,0.004320437,24,8,21.92566059,52.49836235,79.76156031,59.27681176,72.33992314,42.02990286,23.62588947,54.95934101,83.4651782,128.7897686,58.22572897,28.22849447,56.76914767,1,0.069996234,24,4,34.25074805,65.54922015,94.73140376,18.9770216,30.05689323,6.295818339,2.589330718,83.04330402,80.49413201,46.53673522,62.44805337,7.042696033,32.50683317,night-active,Ophcf2|00209,no,yes
Ophio5|4806,PF00348.12|polyprenyl_synt,GO:0008299|isoprenoid biosynthetic process,NA,NA,NA,NA,NA,Geranylgeranyl pyrophosphate synthase,432,20,0,79.6,1,0.004320437,24,6,39.03014803,101.1025803,133.1001493,88.94904261,87.95466903,73.97155794,50.94843948,170.7557927,142.6949305,132.3769967,85.14702639,57.55766785,76.7233288,1,0.11836677,24,4,35.93974537,109.2528914,161.2506691,54.75920141,55.6409307,43.91934135,27.84911193,119.3083749,96.66731789,78.06448196,67.87079426,41.68908999,67.35167017,night-active,Ophcf2|02042,no,yes
Ophio5|5079,NA,NA,SignalP: has predicted secretion signal; SSP: small secreted protein,NA,NA,NA,NA,hypothetical protein XA68_4505,224,2,3.54E-129,73,1,0.004320437,28,2,3.689892861,9.678426159,7.272464156,3.931285311,3.617736283,3.413923144,3.41262848,16.77103036,10.88936375,5.730286733,3.779947449,2.301382371,1.999997073,1,0.039672068,28,0,4.327568221,7.046117721,14.62130473,1.479337486,0.411521445,0.962889864,0.264010191,6.047413275,6.811736873,4.877622033,4.718297366,0.546597304,1.169558019,night-active,NA,NA,NA
Ophio5|6920,PF11951.3|Fungal_trans_2,NA,NA,NA,NA,NA,NA,C6 transcription factor,643,20,0,76.5,1,0.004320437,24,6,0.843512433,1.673288764,2.861794288,1.792544426,0.941247299,1.260266952,0.435648195,1.278964899,3.232406405,2.230845878,1.166559869,0.664218852,0.873445927,1,0.039672068,24,4,1.826627479,2.198004225,5.478060141,0.45604348,0.143776902,0.14951706,0.245972228,4.109586951,4.000655324,1.725439859,2.909070809,0.106094197,0.67301932,night-active,Ophcf2|00009,no,yes
Ophio5|7799,PF13847.1|Methyltransf_31;PF02353.15|CMAS;PF08241.7|Methyltransf_11;PF13489.1|Methyltransf_23;PF08498.5|Sterol_MT_C;PF12847.2|Methyltransf_18;PF08242.7|Methyltransf_12;PF01209.13|Ubie_methyltran;PF13659.1|Methyltransf_26;PF13649.1|Methyltransf_25;PF01135.14|PCMT;PF01596.12|Methyltransf_3;PF09445.5|Methyltransf_15,GO:0009452|7-methylguanosine RNA capping;GO:0008168|methyltransferase activity;GO:0008610|lipid biosynthetic process;GO:0004719|protein-L-isoaspartate (D-aspartate) O-methyltransferase activity;GO:0006464|cellular protein modification process;GO:0008171|O-methyltransferase activity;GO:0008152|metabolic process;GO:0001510|RNA methylation;GO:0006694|steroid biosynthetic process,NA,NA,NA,NA,NA,sterol 24-C-methyltransferase,346,20,0,66.9,1,0.004320437,28,0,2.153881479,4.916993592,2.084780412,1.209744417,0.199642078,0.710035127,1.106399723,46.31359816,7.167004484,1.220841245,0.980389828,0.778565644,0.518731229,1,3.60E-04,28,4,1.086164313,3.100262789,5.55118359,1.297774452,1.120714021,1.040587028,0.285313607,1.292714305,3.464928761,2.648780697,2.483524889,0.590703138,0.0892187,night-active,NA,NA,NA
Ophio5|2508,NA,NA,NA,NA,NA,NA,NA,hypothetical protein XA68_2185,172,4,6.97E-117,67,1,0.00665017,24,4,0.367510826,0.519074164,1.393870526,0.519960338,0,0.083774971,0,0.553604917,1.277816599,0.319400788,0.245805831,0,0.455201646,1,1,28,0,0.330932334,0,2.627230942,0,0,0.417437802,0,0.518580189,0.305489495,0.555076207,1.227302783,0.236964149,0.089476557,night-active,NA,NA,NA
Ophio5|1697,PF03403.8|PAF-AH_p_II;PF03403.8|PAF-AH_p_II;PF12695.2|Abhydrolase_5;PF12740.2|Chlorophyllase2;PF12697.2|Abhydrolase_6,GO:0016042|lipid catabolic process;GO:0003847|1-alkyl-2-acetylglycerophosphocholine esterase activity;GO:0015996|chlorophyll catabolic process;GO:0047746|chlorophyllase activity,NA,NA,1,NA,NA,PAF acetylhydrolase family,436,20,0,62.65,1,0.008979903,24,6,3.490602415,8.938884714,17.85489363,10.80672716,8.520765018,6.46715936,5.845650571,30.28814303,13.36322275,10.36846586,7.946971896,5.770056289,9.447926674,1,1,28,0,3.005562653,9.65270908,24.02068347,5.466121147,7.246355878,6.555142664,3.262368491,7.972329845,7.195780587,4.771586772,12.37528929,2.626668967,3.43594074,night-active,Ophcf2|04603,yes,yes
Ophio5|2651,PF02535.17|Zip,GO:0030001|metal ion transport;GO:0046873|metal ion transmembrane transporter activity;GO:0016020|membrane;GO:0055085|transmembrane transport,NA,NA,7,NA,NA,ZIP Zinc transporter,335,20,0,81.2,1,0.008979903,24,8,1.207232696,2.204906549,3.947225611,4.01576511,3.505025654,2.415511658,1.18656811,1.995284386,3.125136281,4.878783666,3.037457771,1.742117867,2.310264476,1,1,20,6,0.773353475,2.948989002,3.800474239,5.594133352,3.417097712,3.295605188,0.353585077,2.803574149,1.651552582,1.42899083,1.709887176,2.399497094,3.317023793,night-active,Ophcf2|06924,no,yes
Ophio5|2839,NA,NA,NA,NA,NA,NA,NA,---NA---,119,NA,NA,NA,1,0.008979903,24,2,2.980284748,26.56578314,19.95143127,18.86517209,8.51515056,14.37229437,10.70548117,21.07020312,19.03591784,18.41877878,15.59228323,16.8851424,19.87497091,1,0.683105342,28,2,1.866211851,20.05312521,17.13434148,9.952895588,17.43822123,16.64997056,3.960152863,19.3135108,20.47925202,14.06126977,19.46297663,8.88220619,7.481731444,night-active,NA,NA,NA
Ophio5|3392,PF07993.7|NAD_binding_4;PF00501.23|AMP-binding;PF01370.16|Epimerase;PF00550.20|PP-binding,GO:0003824|catalytic activity;GO:0050662|coenzyme binding;GO:0044237|cellular metabolic process;GO:0008152|metabolic process,NA,NA,NA,NA,Part of secondary metabolism cluster 11;Secondary metabolism. Type: NRPS-like,Linear gramicidin synthase subunit D,1129,20,0,67.2,1,0.008979903,28,26,0.040599269,0.079468876,0.091456233,0.039802274,0,0.051302903,0.091471917,0.203413063,0.179327802,0.130398434,0.050176294,0.019923472,0.049778688,1,0.021438584,24,6,0.083583549,0.075160074,0.268148055,0.051980885,0.114716155,0.042605746,0,0.145554292,0.163693707,0.169961387,0.044211011,0.012092861,0.013698623,night-active,Ophcf2|03737,no,no
Ophio5|3789,NA,NA,NA,NA,2,NA,NA,hypothetical protein XA68_3232,357,20,0,60.55,1,0.008979903,20,6,0.791310869,2.445665771,2.982971919,2.931433749,1.644816508,1.335953375,1.402374724,4.173376951,2.830173403,2.366658727,2.534042982,2.641251325,3.048179896,1,1,28,0,1.097409486,2.609608145,3.808751003,0.875059966,1.39664401,2.420672841,0.497784578,2.338922195,2.398903192,1.609410901,2.267666742,0.725233853,0.778296085,night-active,Ophcf2|07166,no,no
Ophio5|392,PF04082.13|Fungal_trans,"GO:0003677|DNA binding;GO:0005634|nucleus;GO:0008270|zinc ion binding;GO:0006351|transcription, DNA-templated",NA,Zn2Cys6,1,NA,NA,fungal specific transcription factor domain,648,20,0,68.55,1,0.008979903,28,4,15.14676755,55.90004847,82.64458699,44.12185271,34.21093108,34.74763766,28.89530011,55.693337,79.02380126,77.30778646,47.50415467,22.23600673,27.63093028,1,0.11836677,24,4,28.13779105,60.24116578,100.713411,11.55460055,21.65718791,9.050274527,13.39373734,91.00456405,70.0115788,42.61343132,53.65336604,8.843253763,43.17071541,night-active,Ophcf2|03743,yes,yes
Ophio5|4504,PF00067.17|p450,"GO:0005506|iron ion binding;GO:0055114|oxidation-reduction process;GO:0016705|oxidoreductase activity, acting on paired donors, with incorporation or reduction of molecular oxygen;GO:0020037|heme binding",SignalP: has predicted secretion signal,NA,NA,NA,NA,cytochrome P450,496,20,0,77.15,1,0.008979903,24,4,1.163180118,1.897179514,5.371750237,1.779756931,1.184797404,1.049799835,0.683344389,3.699907627,2.298098733,3.409512371,1.454557243,0.634183752,1.607140505,1,0.069996234,24,4,1.986134927,2.27849452,4.659640891,1.221254464,0.856991339,0.435915934,0.438246293,4.873819044,3.296459078,4.857993776,1.357020073,0.604886353,1.681871219,night-active,NA,NA,NA
Ophio5|510,PF01375.12|Enterotoxin_a,GO:0005576|extracellular region;GO:0009405|pathogenesis;GO:0003824|catalytic activity,SignalP: has predicted secretion signal,NA,NA,NA,NA,heat-labile enterotoxin subunit alpha,721,20,0,59.65,1,0.008979903,24,6,1.26404667,1.647988576,3.673872037,1.723478876,1.99095966,1.625953831,0.388583709,3.130551458,5.026462086,3.418443708,1.236859536,1.153740109,1.30886235,1,0.3029569,24,6,1.079493513,1.882124837,3.83705329,0.949143124,2.077556325,1.833758397,0.137124407,3.582776198,3.220756282,2.64106006,2.075835569,0.416382988,0.364474452,night-active,Ophcf2|02091,no,yes
Ophio5|5638,PF05175.9|MTS;PF13659.1|Methyltransf_26;PF13847.1|Methyltransf_31;PF12847.2|Methyltransf_18;PF06325.8|PrmA;PF13489.1|Methyltransf_23;PF08241.7|Methyltransf_11;PF13649.1|Methyltransf_25,GO:0008152|metabolic process;GO:0006479|protein methylation;GO:0005737|cytoplasm;GO:0008276|protein methyltransferase activity;GO:0008168|methyltransferase activity,NA,NA,NA,NA,NA,protoporphyrinogen oxidase,225,20,2.19E-167,78.85,1,0.008979903,28,4,1.66908037,5.960165731,34.29608737,7.69510624,4.981114022,5.450933388,3.593539605,6.610924551,30.8117768,21.84173767,11.35238642,3.287372856,2.638270475,1,0.683105342,24,6,11.48032534,8.518141683,34.188877,1.472791745,0.983281329,1.065143654,0.788526013,34.73454698,31.80334884,15.84282931,18.40283343,1.02789316,4.5205457,night-active,Ophcf2|02455,no,yes
Ophio5|6097,NA,NA,NA,NA,NA,NA,NA,hypothetical protein XA68_5457,149,20,1.33E-106,60.8,1,0.008979903,28,26,0.7035548,1.496663839,1.492768958,0.499739658,0,1.449306995,0.984412061,2.809360416,2.210622716,1.596294161,0.094498686,0.450270464,1.049998463,1,0.461567736,28,26,0.522988344,2.076088257,1.298602723,0.522119113,0.123456434,1.604816439,0.660025477,2.093335365,2.025904501,5.395869374,1.332225139,0.819895956,1.031962958,night-active,Ophcf2|06123,no,yes
Ophio5|7401,NA,NA,NA,NA,NA,NA,NA,hypothetical protein XA68_6846,78,1,1.08E-44,100,1,0.008979903,28,2,6.834926349,29.55437454,28.77977154,25.99911386,15.78435976,19.62985424,17.38297248,25.4588185,30.08125848,27.04529543,20.09592315,17.09887838,20.93351366,1,0.11836677,24,6,7.432738802,25.44342916,29.86238329,14.62263971,24.37873876,14.62617514,9.273775691,32.36531169,29.43526628,24.83188116,21.34300558,7.783822367,19.79017571,night-active,NA,NA,NA
Ophio5|7675,PF00501.23|AMP-binding;PF07993.7|NAD_binding_4;PF01370.16|Epimerase;PF13193.1|AMP-binding_C;PF01073.14|3Beta_HSD;PF00550.20|PP-binding,"GO:0003854|3-beta-hydroxy-delta5-steroid dehydrogenase activity;GO:0055114|oxidation-reduction process;GO:0044237|cellular metabolic process;GO:0008152|metabolic process;GO:0050662|coenzyme binding;GO:0006694|steroid biosynthetic process;GO:0003824|catalytic activity;GO:0016616|oxidoreductase activity, acting on the CH-OH group of donors, NAD or NADP as acceptor",NA,NA,NA,NA,Part of secondary metabolism cluster 28;Secondary metabolism. Type: NRPS-like,NA,1045,NA,NA,NA,1,0.008979903,28,0,0.065257645,0.150238722,0.164667851,0.05733151,0.066229255,0.083134245,0.084700847,0.183123615,0.228952321,0.105652651,0.081308621,0.021523445,0.053776212,1,1,28,0,0.1268094,0.216522328,0.268990366,0,0.017704078,0.13808172,0,0.057179333,0.164207905,0.039345063,0.095522835,0,0.014798704,night-active,NA,NA,NA
Ophio5|8288,PF01061.19|ABC2_membrane;PF01061.19|ABC2_membrane;PF06422.7|PDR_CDR;PF00005.22|ABC_tran,"GO:0016887|ATPase activity;GO:0016021|integral component of membrane;GO:0016020|membrane;GO:0005524|ATP binding;GO:0042626|ATPase activity, coupled to transmembrane movement of substances;GO:0006810|transport",NA,NA,13,NA,NA,ATP-binding cassette transporter ABC1,1260,20,0,79.4,1,0.008979903,24,4,0.157819284,0.195836268,0.532708986,0.09511302,0.013734298,0.02298663,0.081969284,0.516463778,0.54053027,0.189884317,0.1011683,0.017853706,0.133822167,1,0.039672068,24,4,0.114310697,0.112253348,0.583564533,0.077634682,0.088113236,0.019089807,0.157024301,0.260866535,0.440064764,0.206699387,0.108949816,0,0.073653185,night-active,Ophcf2|05285,no,yes
Ophio5|1300,NA,NA,NA,NA,NA,NA,NA,---NA---,124,NA,NA,NA,1,0.01754066,24,6,1.327369388,3.412393553,14.05499388,2.998437949,2.771032047,1.855112954,1.535682816,2.451805454,11.20048843,3.831105987,3.742147974,0.720432742,1.979997102,1,0.069996234,24,6,5.4878707,4.529647107,18.35358515,1.879628806,1.333329482,0.385155945,0.316812229,11.60305888,12.57822447,5.267831796,8.8926028,0.765236226,0.990684439,night-active,NA,NA,NA
Ophio5|1448,PF08659.5|KR;PF00106.20|adh_short;PF00107.21|ADH_zinc_N;PF13602.1|ADH_zinc_N_2;PF08240.7|ADH_N;PF00550.20|PP-binding;PF01370.16|Epimerase;PF02719.10|Polysacc_synt_2;PF01073.14|3Beta_HSD,"GO:0003854|3-beta-hydroxy-delta5-steroid dehydrogenase activity;GO:0008270|zinc ion binding;GO:0016491|oxidoreductase activity;GO:0055114|oxidation-reduction process;GO:0044237|cellular metabolic process;GO:0008152|metabolic process;GO:0050662|coenzyme binding;GO:0006694|steroid biosynthetic process;GO:0009058|biosynthetic process;GO:0003824|catalytic activity;GO:0016616|oxidoreductase activity, acting on the CH-OH group of donors, NAD or NADP as acceptor",NA,NA,NA,NA,NA,polyketide synthase,1014,20,0,74.45,1,0.01754066,28,0,3.521521171,9.245401252,6.923642307,4.401647826,1.9622456,4.326502655,2.458605493,18.09791741,9.837089592,5.371387705,5.991123604,1.530475961,3.546792838,1,0.192670121,28,4,3.794859477,7.16822233,8.102939815,0.983795865,1.204156346,0.142298995,0.370654701,6.201929546,4.282646696,4.960217234,4.392897547,0.525056524,2.04359167,night-active,NA,NA,NA
Ophio5|2045,NA,NA,NA,NA,NA,NA,NA,---NA---,85,NA,NA,NA,1,0.01754066,28,26,4.04091259,14.87962305,10.81523127,4.532522481,2.819364001,9.942920082,5.837792457,13.58649461,13.28087291,7.710186468,7.087401466,3.403206995,5.88661929,1,0.192670121,24,6,4.97888338,8.558926219,11.07335655,0.683004653,7.321253613,3.638827973,0.920965782,10.60576887,10.75429588,11.00655263,5.518665181,1.112261956,2.15992247,night-active,NA,NA,NA
Ophio5|2272,PF00348.12|polyprenyl_synt,GO:0008299|isoprenoid biosynthetic process,NA,NA,NA,NA,NA,geranylgeranyl diphosphate synthase,317,20,0,82,1,0.01754066,24,6,0.573848889,0.211792053,1.733258587,0.282871505,0.163386324,0.045575692,0.139303594,11.02300506,5.619245375,0.347524128,0.846922188,0,0.070754613,1,0.069996234,28,4,0.355087534,0.534156498,6.057423603,0.2462826,0,0.227096666,0,1.692724014,5.609046506,1.984409907,1.099714147,0,0,night-active,Ophcf2|04809,no,yes
Ophio5|2412,NA,NA,NA,NA,NA,NA,NA,hypothetical protein XA68_2003,83,1,1.43E-51,100,1,0.01754066,28,4,7.479757346,18.70829799,123.2354593,17.84784493,9.071831105,16.21843542,6.328363252,30.78438768,64.47649589,18.19950761,10.96859751,7.772525866,4.687493139,1,0.11836677,24,4,28.64347656,21.56974813,136.0440948,4.428688904,1.102289585,0.573148728,0.471446769,59.80958184,81.63388478,39.68511677,42.37546479,2.277488767,9.02967588,night-active,NA,NA,NA
Ophio5|3407,PF00782.15|DSPc,GO:0008138|protein tyrosine/serine/threonine phosphatase activity;GO:0006470|protein dephosphorylation,SignalP: has predicted secretion signal,NA,NA,NA,NA,#NAME?,402,20,0,64.5,1,0.01754066,24,4,1.519104909,3.063889993,6.111833204,2.492498047,0.128925188,2.337591928,0.806094244,3.232063641,4.708315546,2.970770772,2.321431746,1.452485368,2.568234454,1,0.984211769,20,4,0.6334423,2.528959303,7.35767465,2.963641366,2.067818675,2.807433225,0.933534794,5.120175121,4.294856343,2.51899525,3.718990771,3.187354006,3.649000533,night-active,Ophcf2|03720,no,yes
Ophio5|3413,NA,NA,SignalP: has predicted secretion signal; SSP: small secreted protein,NA,NA,NA,NA,hypothetical protein XA68_7510,201,20,4.62E-106,51.15,1,0.01754066,24,6,58.77324461,28.5625698,827.7875693,29.68750444,44.58343639,23.31805809,25.14636751,43.80933322,856.9810918,223.8519897,105.5391268,17.05232203,23.33536188,1,0.3029569,24,6,277.0451726,25.92774489,817.7339919,11.34058222,14.66809111,5.005120578,4.8031557,734.8140086,878.9530139,230.2910687,405.8505171,11.97372807,23.29579746,night-active,Ophcf2|03716,no,yes
Ophio5|3518,NA,NA,SignalP: has predicted secretion signal,NA,NA,NA,NA,metalloprotease MEP1,701,12,0,45.75,1,0.01754066,24,2,0.11310852,0.351779962,0.269895768,0.128138374,0.049341739,0.123872393,0.084137783,0.463860986,0.15745176,0.07871273,0.121152162,0.064141092,0.272435499,1,0.11836677,28,6,0.084167096,0.241968328,0.246648191,0.195236848,0.158277479,0.205745697,0.028206217,0.021299709,0.244674457,0.351751589,0.142331746,0.077862864,0.088201962,night-active,Ophcf2|05949,no,yes
Ophio5|3578,PF13768.1|VWA_3;PF08487.5|VIT;PF13519.1|VWA_2;PF00092.23|VWA;PF13757.1|VIT_2,NA,NA,NA,NA,NA,NA,hypothetical protein XA68_3099,1152,20,0,64.9,1,0.01754066,28,26,0.6271734,1.479789052,1.165214278,0.585124491,0.180249266,0.60335417,0.281748465,2.359038747,1.10243544,1.086276633,0.626986079,0.410046823,1.083042647,1,0.192670121,24,6,0.516389446,0.761161428,0.994882109,0.305663835,0.481833435,0.292290939,0.051519768,1.517285576,1.260508476,1.356363889,0.5199491,0.177774492,0.402760912,night-active,NA,NA,NA
Ophio5|3690,PF14031.1|D-ser_dehydrat;PF01168.15|Ala_racemase_N,NA,NA,NA,NA,NA,NA,alanine racemase domain,470,20,0,71.4,1,0.01754066,28,2,0.267615231,0.619637895,0.40226503,0.22281386,0.110311785,0.092312548,0.219454918,0.976037203,0.664907753,0.547479624,0.391236599,0.095598825,0.382165046,1,0.984211769,28,2,0.123225722,0.601067822,0.367615774,0.166279972,0.393173355,0.153326411,0,0.317460626,0.336622182,0.378637061,0.291689421,0.145062979,0.230055436,night-active,NA,NA,NA
Ophio5|3757,NA,NA,SignalP: has predicted secretion signal; SSP: small secreted protein,NA,NA,NA,NA,hypothetical protein XA68_5832,127,2,9.74E-86,74,1,0.01754066,24,6,122.1525578,160.657509,1189.281135,184.0057038,67.78745388,89.22296188,55.48853924,120.4652948,936.6362395,699.1941103,166.4431938,57.33912939,100.7225088,1,0.192670121,24,6,274.1184372,128.7233699,1073.545402,196.8654194,55.98942159,54.16255483,52.59578021,980.5500586,775.3007154,389.578625,344.3424693,77.71930416,129.6403466,night-active,Ophcf2|04094,no,yes
Ophio5|3815,PF00646.28|F-box;PF12937.2|F-box-like,GO:0005515|protein binding,NA,NA,NA,NA,NA,cyclin-like F-box,536,20,0,76.65,1,0.01754066,24,4,5.192628045,37.0403397,38.93900978,34.8701024,33.60585885,30.55149941,26.67261731,56.07306468,37.73564538,37.04335398,30.30293066,28.29912134,34.39939099,1,0.3029569,24,4,4.811085158,36.16547853,49.81604487,23.73600157,27.00178419,26.80671035,22.93496351,32.77275504,31.59170973,29.17376586,24.86293074,22.41863244,25.82789972,night-active,Ophcf2|00127,yes,yes
Ophio5|3910,PF06985.6|HET,NA,NA,NA,NA,NA,NA,heterokaryon incompatibility,690,20,0,50.35,1,0.01754066,24,4,3.038104041,5.815546176,8.275619962,4.100613403,0.852162532,3.292926168,1.004356734,7.318160273,9.144278723,7.30353891,3.938584896,3.714242612,4.477200393,1,0.021438584,24,6,3.77468103,4.957374275,9.114650082,2.351802806,2.331557825,2.612761931,0.859656917,8.612233565,10.38255343,7.186727833,4.681344666,0.850350364,1.836923933,night-active,NA,NA,NA
Ophio5|4062,NA,NA,NA,NA,NA,NA,Part of secondary metabolism cluster 14,BTB domain-containingtranscription factor,322,20,0,77.25,1,0.01754066,24,6,3.513791357,3.68373917,19.30396629,1.995864269,2.841809181,1.12175464,1.920060677,7.23491354,34.8475356,6.785865868,6.143877432,1.045519653,2.960521982,1,0.192670121,28,4,0.694737366,2.366495199,40.47244812,1.272968425,3.955956924,1.490541585,0.183908028,10.09170963,19.3073144,7.602408181,11.63892512,0.761513272,1.102251456,night-active,NA,NA,NA
Ophio5|4318,PF00091.20|Tubulin;PF03953.12|Tubulin_C,GO:0043234|protein complex;GO:0006184|GTP catabolic process;GO:0003924|GTPase activity;GO:0005525|GTP binding;GO:0051258|protein polymerization,NA,NA,NA,NA,NA,Tubulin alpha chain,453,20,0,94.35,1,0.01754066,24,6,48.13420442,129.8537194,180.9685174,125.7824906,96.13161836,99.98302882,59.06472369,144.7152517,188.2762372,248.6129436,122.9211435,67.44139108,114.0609564,1,0.192670121,28,0,106.1835739,187.8207198,184.6838087,51.88127418,86.26994167,31.86656432,10.42375038,232.3549559,184.4500488,128.6620537,154.0843819,18.05938229,86.9781114,night-active,Ophcf2|00210,yes,yes
Ophio5|522,NA,NA,NA,NA,NA,NA,NA,bactericidal permeability-increasing,763,20,0,73.3,1,0.01754066,24,6,7.573955428,20.51056334,43.42136046,19.760648,33.02841698,15.06216956,15.96448356,30.73782607,46.99502262,35.55981506,30.39048063,12.19973639,23.30984808,1,0.039672068,24,6,16.65580561,26.67985861,67.25311659,6.714424455,9.356187825,6.679733347,4.742853232,36.59814072,43.9779918,25.17417982,24.42340098,4.221104835,7.982854817,night-active,Ophcf2|01684,yes,yes
Ophio5|5347,NA,NA,NA,NA,1,NA,NA,---NA---,76,NA,NA,NA,1,0.01754066,24,4,1.835964525,6.997389377,8.723974431,6.619927939,4.048585782,1.693995189,2.492991584,5.472780031,7.655836247,5.023303305,4.970385444,4.678134691,6.866873066,1,0.11836677,16,4,0.746382596,4.044327774,8.994650895,6.102690929,1.68349682,4.689398686,6.171666799,5.437234713,4.804516603,5.166636975,5.677095761,3.371866486,4.42269839,night-active,NA,NA,NA
Ophio5|5814,NA,NA,NA,NA,1,NA,NA,hypothetical protein XA68_4234,326,20,0,65.5,1,0.01754066,28,2,0.850862148,3.501369532,3.476455584,2.338231428,2.11852603,1.595567334,1.670791113,2.69454919,3.605500863,2.816327031,2.600881272,1.927763454,2.993114885,1,0.192670121,24,6,1.469157828,3.809336252,6.08926863,0.898140676,3.171357924,2.061232124,0.605527961,3.56662644,3.515231184,3.230305876,3.093756772,0.250732708,0.662728505,night-active,NA,NA,NA
Ophio5|6430,NA,NA,SignalP: has predicted secretion signal; SSP: small secreted protein,NA,NA,NA,NA,hypothetical protein XA68_5816,115,2,2.47E-66,78,1,0.01754066,28,4,339.8642136,1289.324288,4643.422168,1219.278604,814.2892663,1033.130995,580.0817798,1222.930441,3565.105557,1383.631365,3349.285979,604.7598128,719.4170504,1,0.3029569,24,4,1273.857606,1962.928431,6779.22864,188.367973,1037.512967,55.82270976,54.79349435,2107.64326,3391.833403,1114.731109,4381.16162,153.966094,313.5921919,night-active,NA,NA,NA
Ophio5|7112,NA,NA,NA,NA,NA,NA,NA,Armadillo-type fold domain containing,167,20,4.53E-121,61.5,1,0.01754066,24,6,3.741186107,14.29848489,15.6863771,13.29664448,10.30889898,9.144436992,4.482590637,14.82211258,15.57085445,15.45861791,11.30609282,4.8243264,13.86158685,1,0.683105342,28,2,6.114883072,18.19947498,17.13434148,8.973922252,14.99113835,5.731487283,0.707170154,15.842419,13.36971138,11.59523988,13.97646909,2.684183189,6.081210287,night-active,NA,NA,NA
Ophio5|725,PF13378.1|MR_MLE_C;PF01188.16|MR_MLE;PF02746.11|MR_MLE_N,NA,NA,NA,NA,NA,NA,mandelate racemase muconate lactonizing enzyme family,445,20,0,90.1,1,0.01754066,24,6,15.75462518,45.05092385,55.92090682,31.8668069,34.67673231,27.36135627,26.68507135,136.230502,56.9177523,49.68114547,34.45176318,19.78767061,34.3301067,1,0.069996234,24,4,20.41313086,40.81506572,78.51790754,13.52124608,18.31085891,10.95665035,4.706011249,46.5334639,46.27309657,40.60128206,37.04877785,6.95502175,25.68338303,night-active,Ophcf2|00906,yes,yes
Ophio5|7316,NA,NA,SignalP: has predicted secretion signal; SSP: small secreted protein,NA,1,NA,NA,---NA---,77,NA,NA,NA,1,0.01754066,28,0,8.824493993,20.72303777,113.0617909,10.37920828,1.998340418,11.14851535,8.518950532,17.92686279,125.4103272,12.98760043,11.44887929,5.772698256,6.490375115,1,0.461567736,24,4,12.41294598,15.24400469,156.7757561,1.506112826,2.848994619,0.308618546,0.253855953,20.51161941,43.53323217,11.08017505,24.65897492,3.153445985,2.976816224,night-active,NA,NA,NA
Ophio5|7623,NA,NA,NA,NA,NA,NA,NA,hypothetical protein XA68_6823,137,1,4.34E-38,100,1,0.01754066,24,0,0.50052179,1.626808521,1.123321122,0.869112449,0.25099928,0.420088984,0.428005244,1.526826313,0.53396684,0.400408235,0.410863853,0.326282945,1.141302677,1,0.094181502,28,4,0.59595236,1.230882366,1.411524699,0.567520775,2.415451959,0.348873139,0,0.325052075,1.053163966,1.988161155,0.362017701,0.099021251,0,night-active,Ophcf2|05762,no,yes
Ophio5|7646,PF00171.17|Aldedh,GO:0016491|oxidoreductase activity;GO:0055114|oxidation-reduction process;GO:0008152|metabolic process,NA,NA,NA,NA,NA,betaine aldehyde dehydrogenase,542,20,0,82.8,1,0.01754066,24,6,23.02548551,18.43956001,66.80347272,21.6737918,11.41838712,18.71020633,10.68712542,43.28334041,74.94268847,56.51139126,31.09058986,9.245885218,16.69887058,1,0.11836677,24,6,26.73257055,30.08294637,79.79750311,8.149096651,15.96066598,5.186837663,1.640947319,71.34743396,69.71194325,36.60742918,34.50168694,3.77484326,8.78023732,night-active,NA,NA,NA
Ophio5|7726,NA,NA,NA,NA,NA,NA,NA,and NB-ARC domain,378,20,0,90.25,1,0.01754066,24,6,13.34661071,28.96577641,44.21953105,22.62673492,32.5358644,20.1143926,14.49345462,85.21075188,50.79377174,33.67866411,20.57029449,13.42495051,19.20511701,1,0.11836677,24,6,12.92543609,25.17300585,84.11793364,12.91521552,16.2708413,13.78279026,7.366511262,36.29605231,35.87224501,24.32376159,22.96902016,6.381775911,10.45577245,night-active,Ophcf2|05239,yes,yes
Ophio5|7901,NA,NA,NA,NA,1,NA,NA,hypothetical protein XA68_7142,86,20,2.24E-57,68.7,1,0.01754066,24,4,5.845488402,31.48154972,40.18993349,33.43085989,8.958077737,23.32218153,24.61030154,35.22708986,31.55007517,26.88718282,30.79353741,25.10128449,31.03443733,1,0.3029569,28,4,6.008168546,34.16759671,42.54043403,17.55400466,29.37411693,25.45570904,5.917469795,25.95185879,38.57419365,21.60239931,34.02342218,10.68063698,15.47944437,night-active,Ophcf2|05727,no,no
Ophio5|8411,PF04178.7|Got1,GO:0016192|vesicle-mediated transport,NA,NA,4,NA,NA,Got1 family,138,20,5.19E-78,94.45,1,0.01754066,24,4,4.807979842,23.4190205,27.63316085,21.78721099,14.57782147,15.84853692,16.35965368,23.70225596,27.56651829,16.43114079,27.43181287,13.11939122,20.80032927,1,1,28,6,8.394082001,24.03319958,35.65707716,12.11391467,26.37882068,13.33498552,4.273546255,18.17953117,20.436478,14.01439064,22.10391529,4.915443381,8.129492365,night-active,Ophcf2|04113,no,no
Ophio5|956,PF01375.12|Enterotoxin_a;PF01375.12|Enterotoxin_a,GO:0005576|extracellular region;GO:0009405|pathogenesis;GO:0003824|catalytic activity,SignalP: has predicted secretion signal,NA,NA,NA,NA,heat-labile enterotoxin A,646,20,0,52.85,1,0.01754066,28,2,18.08752277,28.83448957,693.6823341,23.26454174,12.42039094,21.34759762,23.21051932,77.62550595,557.9231341,147.8911218,40.72791136,13.3619674,7.911503103,1,0.192670121,24,4,180.0508867,21.92188177,968.5662865,5.114265653,2.862204795,1.41382592,0.642683231,397.382442,518.9193529,144.6889658,268.0536844,9.715408031,19.8098608,night-active,NA,NA,NA
Ophio5|974,NA,NA,NA,NA,12,NA,NA,Major facilitator superfamily general substrate,464,20,0,79.65,1,0.01754066,28,26,0.414862471,2.027738105,1.555739361,1.192926926,0.968371414,1.558394618,1.365474795,5.190313965,2.178929201,1.544800801,0.853536521,0.9199074,1.354836727,1,0.683105342,24,6,0.577247394,1.400294132,2.746149127,0.715808461,1.234564335,1.708352984,0.212911444,1.061137742,2.642484132,1.652097785,0.913218845,0.587739037,0.665782553,night-active,NA,NA,NA
Ophio5|1780,NA,NA,SignalP: has predicted secretion signal,NA,NA,NA,NA,hypothetical protein XA68_1471,347,5,0,54.4,1,0.024999812,28,2,0.500057047,1.35473882,0.791919872,0.25848603,0,0,0,0.385296295,0.582300045,0.476347727,0.448054116,0.323470161,0.161637694,1,0.461567736,28,4,0.192727914,0.650811366,0.684129787,0.056262835,0.21285592,0.207519367,0,0.601533151,0.303733808,0.433624804,0.43067623,0.117801143,0.133443486,night-active,Ophcf2|05525,no,yes
Ophio5|500,NA,NA,SignalP: has predicted secretion signal; SSP: small secreted protein,NA,NA,NA,NA,hydrophobin 3 precursor,80,20,4.37E-31,71.2,1,0.024999812,24,6,0.726393995,0.55431994,2.339096658,0.740355049,0,0,0,0.945912598,1.592012244,1.591746315,0,0,0,1,0.11836677,24,4,0.341846264,1.747549038,2.404819857,0.483443623,0.45724605,0,0,0.36919495,0.489348913,0.338723752,0,0,0.764417006,night-active,NA,NA,NA
Ophio5|1500,NA,NA,NA,NA,NA,NA,NA,hypothetical protein XA68_1187,623,20,0,64.75,1,0.032458965,24,2,1.544570216,14.13915598,13.35984053,11.74868716,3.635869372,10.05688989,6.862487928,11.94100964,13.01929244,10.59670126,9.836041138,10.71557114,11.71873285,1,1,24,10,3.638952059,11.07005102,14.91450777,10.13488422,14.57142039,13.07771089,2.538559527,9.512982368,11.70908433,10.42064082,13.25019594,4.445482881,4.440417535,night-active,NA,NA,NA
Ophio5|1504,PF12796.2|Ank_2;PF12796.2|Ank_2;PF12796.2|Ank_2;PF12796.2|Ank_2;PF12796.2|Ank_2;PF12796.2|Ank_2;PF12796.2|Ank_2;PF00023.25|Ank;PF00023.25|Ank;PF13637.1|Ank_4;PF05729.7|NACHT,GO:0005515|protein binding,NA,NA,NA,NA,NA,ankyrin repeat,1569,20,0,58.2,1,0.032458965,28,0,0.944054741,1.000953523,2.106405977,0.677990746,0.220623571,0.581569049,0.263345902,2.330288822,2.956883888,1.278755979,0.559769288,0.258116827,0.300954974,1,0.069996234,24,4,1.011989757,1.172082253,4.039178321,0.074825988,0.047180803,0,0.13873147,1.838097022,2.928612987,1.336880084,1.193274905,0.104445345,0.138033262,night-active,Ophcf2|07086,yes,yes
Ophio5|1636,PF01328.12|Peroxidase_2,GO:0004601|peroxidase activity,SignalP: has predicted secretion signal,NA,NA,NA,NA,hypothetical protein XA68_1935,549,20,0,60.05,1,0.032458965,24,4,0.358399461,0.938816408,1.94164354,0.817755804,0.755736013,0.737829016,0.402714025,1.636858755,1.40675991,1.239081482,0.7473987,0.777739892,1.165907384,1,0.039672068,24,6,0.686874488,1.38977809,1.770821895,0.783178669,0.875418346,0.787818979,0.252009728,1.767101282,1.99387439,1.346888811,1.226252684,0.149071992,0.422166665,night-active,Ophcf2|03872,no,yes
Ophio5|1642,PF00106.20|adh_short;PF13561.1|adh_short_C2;PF08659.5|KR;PF01488.15|Shikimate_DH,GO:0016491|oxidoreductase activity;GO:0008152|metabolic process,NA,NA,NA,NA,NA,NAD(P)H-dependent oxidoreductase,289,20,0,82.95,1,0.032458965,28,2,2.434676731,3.561027755,5.998793029,2.222979859,1.254130883,1.499283098,1.578453823,7.661892044,18.29480869,3.874294848,4.790105819,1.164492579,0.775860933,1,0.069996234,28,4,0.587156242,1.366703868,15.89668851,0.337577013,0.893994863,0.415038734,0.068278498,7.837117621,12.93906023,6.528024316,2.153381151,0.329843201,0.106754789,night-active,Ophcf2|03865,NA,yes
Ophio5|2032,PF01822.14|WSC;PF01822.14|WSC;PF01822.14|WSC;PF07250.6|Glyoxal_oxid_N;PF09118.6|DUF1929,NA,SignalP: has predicted secretion signal,NA,NA,NA,NA,glyoxal oxidase precursor,891,20,0,82.75,1,0.032458965,28,0,22.87559568,50.386564,41.99860923,32.74079105,14.98904666,22.29203136,8.37633133,63.82046848,45.37311386,55.81385544,30.3836583,14.3864442,27.27994886,1,0.461567736,24,4,18.69819448,35.89567599,49.32846293,31.08130593,12.22799988,13.11559624,3.7514901,49.41666123,33.38654278,46.15319979,16.76016141,14.18579326,38.21270907,night-active,Ophcf2|00176,no,yes
Ophio5|2094,PF00106.20|adh_short;PF13561.1|adh_short_C2;PF08659.5|KR;PF02719.10|Polysacc_synt_2,GO:0009058|biosynthetic process;GO:0016491|oxidoreductase activity;GO:0008152|metabolic process,NA,NA,NA,NA,NA,short chain dehydrogenase reductase,296,20,0,79.75,1,0.032458965,28,24,0.721758961,2.343261566,1.159882641,0.60574504,0.758068531,1.268753598,0.994355618,3.482678202,1.798767081,0.682176992,0.859078966,1.061243518,1.325755635,1,0.984211769,24,6,0.465564658,1.429812849,4.226653083,0.988861956,1.68349682,1.134718694,0.06666924,1.963445869,1.512533005,0.600464834,1.387734519,0.414088867,0.104238683,night-active,NA,NA,NA
Ophio5|2179,PF03098.10|An_peroxidase,GO:0004601|peroxidase activity;GO:0006979|response to oxidative stress;GO:0055114|oxidation-reduction process;GO:0020037|heme binding,NA,NA,NA,NA,NA,heme peroxidase,1070,20,0,78.5,1,0.032458965,24,6,0.264897619,0.125770071,1.222262883,0.265967885,0.436612192,0.175919617,0.068936419,0.554431964,0.705225112,0.687909572,0.198526652,0.02102103,0.315125589,1,0.155518445,24,6,0.493281773,0.422936238,1.475225627,0.054844445,0.086454085,0.067429262,0,0.907474981,1.196643141,0.46111973,0.734682981,0,0.028906525,night-active,Ophcf2|01411,no,yes
Ophio5|2233,PF00400.27|WD40;PF00400.27|WD40;PF00400.27|WD40,GO:0005515|protein binding,NA,NA,NA,NA,NA,nuclear pore,441,20,0,80.2,1,0.032458965,24,6,27.97645046,91.2219996,103.6572945,88.05367551,63.98607653,63.02190146,36.71500641,103.4442099,104.1543395,129.9315662,93.45107635,43.1424302,86.94557409,1,0.192670121,28,0,59.62861143,117.8528093,105.9154483,53.334113,60.45734169,17.42787083,6.092542866,121.9533612,91.4407122,94.44530163,85.67533838,9.738583188,61.60258516,night-active,Ophcf2|02777,yes,yes
Ophio5|2502,NA,NA,NA,NA,NA,NA,NA,1-phosphatidylinositol phosphodiesterase,214,20,1.85E-154,66.45,1,0.032458965,24,6,10.02155871,30.80343018,34.3684016,32.49469963,27.30755418,26.28975479,23.69456939,40.80402972,58.52152385,64.59422885,39.03015505,18.95324511,24.85461478,1,0.192670121,24,6,19.92956838,43.8480374,52.44744331,9.835267009,25.75358624,12.09210526,2.394511033,45.27446253,57.21285411,30.88215345,34.04145049,6.991360865,10.51162269,night-active,Ophcf2|06353,no,yes
Ophio5|271,PF09748.4|Med10,GO:0016592|mediator complex;GO:0001104|RNA polymerase II transcription cofactor activity;GO:0006357|regulation of transcription from RNA polymerase II promoter,NA,NA,NA,NA,NA,Mediator of RNA polymerase II transcription subunit 10,136,20,8.19E-63,88.35,1,0.032458965,24,4,4.655660982,29.16855803,36.20865749,32.72018054,8.090604516,26.12984144,23.38876832,30.33997397,32.00293227,27.56094636,27.93574301,21.52752948,28.41236717,1,0.683105342,28,0,3.807372416,35.54285138,32.22809677,18.00739276,22.97911718,25.30221539,30.49606767,23.35629656,36.74403117,17.82379219,25.79970672,13.9641647,18.53013778,night-active,Ophcf2|07107,no,no
Ophio5|2814,PF04681.7|Bys1,NA,SignalP: has predicted secretion signal; SSP: small secreted protein,NA,1,NA,NA,bys1 family,155,20,1.07E-97,72.6,1,0.032458965,28,4,1166.994998,2990.737298,4674.067183,2609.217638,1163.36718,1679.895454,942.1959288,1611.453064,4221.557238,5786.684404,2801.159133,1056.115146,2513.938628,1,0.461567736,24,6,1840.7664,3158.775542,2777.150716,1130.588694,1974.234563,505.2085598,249.4134736,7756.459296,5587.837598,4369.3703,3318.393482,473.1920891,1841.557744,night-active,Ophcf2|02421,no,no
Ophio5|2949,NA,NA,NA,NA,NA,NA,NA,hypothetical protein XA68_2572,174,6,1.10E-93,62,1,0.032458965,28,2,2.246707531,2.180853023,20.07856269,1.884732425,2.474135756,0.745357883,1.01253812,16.30888449,23.36944014,4.631007237,5.993916669,0.771892224,0.835713062,1,0.069996234,28,4,0.579803134,1.455957999,39.32911104,0.559413335,1.058198001,0.412667084,0,6.151842704,8.531448768,1.802978144,6.994181977,0.624682633,0.442269839,night-active,Ophcf2|01594,yes,yes
Ophio5|3098,PF00703.16|Glyco_hydro_2;PF02837.13|Glyco_hydro_2_N,"GO:0005975|carbohydrate metabolic process;GO:0004553|hydrolase activity, hydrolyzing O-glycosyl compounds",SignalP: has predicted secretion signal,NA,NA,NA,NA,exo-beta-D-glucosaminidase,893,20,0,73.85,1,0.032458965,28,0,0.746948807,1.406261325,1.772518639,0.95587787,0.232469131,0.940266283,0.132135847,1.885476789,2.328489625,1.030133042,0.998895509,0.226646207,0.931206691,1,0.039672068,28,4,0.373403069,0.981676876,3.461972211,0.262811634,0.621425001,0.403896755,0.066445518,1.772879104,1.847374253,1.074140758,0.72646505,0.229277393,0.173148147,night-active,Ophcf2|01607,no,NA
Ophio5|3226,NA,NA,NA,NA,NA,NA,NA,---NA---,68,NA,NA,NA,1,0.032458965,28,2,16.69107465,47.1774471,85.37240531,38.24094775,9.788971904,31.08658482,26.75032776,49.96886115,82.49787673,45.3795999,39.64836183,23.81865498,23.64126974,1,0.192670121,24,4,37.58543883,58.26176532,93.78797444,12.48545705,13.95594465,4.884223946,1.721805593,79.31270636,75.06186809,42.3478326,62.81007107,3.168680023,20.86359893,night-active,NA,NA,NA
Ophio5|3277,PF00135.23|COesterase,NA,SignalP: has predicted secretion signal,NA,NA,S09X,NA,cholinesterase,540,20,0,68.15,1,0.032458965,24,6,3.50978598,2.116354597,24.51511655,1.912127712,1.568629509,1.741311547,1.037180915,6.231483363,22.20157134,8.341221446,4.585195034,1.29005401,1.829941869,1,0.683105342,24,6,6.049192791,1.622216501,35.4055271,0.39810376,1.608813043,0.444958347,0.29280243,18.07553906,16.24077586,6.00968565,9.742358048,0.681983697,1.28756931,night-active,Ophcf2|03558,no,yes
Ophio5|3358,PF04931.8|DNA_pol_phi;PF04931.8|DNA_pol_phi,"GO:0003677|DNA binding;GO:0003887|DNA-directed DNA polymerase activity;GO:0006351|transcription, DNA-templated",NA,NA,NA,NA,NA,DNA polymerase V family,1013,20,0,75.25,1,0.032458965,24,6,7.951911949,22.91489754,34.43152797,20.38878664,22.47705975,19.20974952,12.37796231,42.31419669,34.95429081,25.79355609,20.22775133,15.00901547,21.26845999,1,0.3029569,28,4,9.466882733,28.81284402,42.85986633,11.14137308,19.52291825,8.949937835,3.026744052,24.19810745,26.58120132,16.95172081,27.27021502,5.377029692,9.3884204,night-active,Ophcf2|00371,no,yes
Ophio5|386,PF05721.8|PhyH,NA,SignalP: has predicted secretion signal,NA,NA,NA,NA,phytanoyl- hydroxylase,360,20,0,78.6,1,0.032458965,24,6,3.089447062,6.529766057,8.92226066,6.893915506,4.31774384,4.657052948,3.272283861,10.50591845,13.06369842,9.490007906,8.756180205,2.931123519,6.13918769,1,0.461567736,28,4,1.766574596,9.09693671,10.67180446,1.410155499,7.181676185,2.46723857,0.767896677,7.124133017,8.344686732,4.560103701,7.749786124,1.173442966,1.758053238,night-active,Ophcf2|03746,yes,yes
Ophio5|387,NA,NA,NA,NA,NA,NA,NA,proline rich 5,332,20,0,50.35,1,0.032458965,24,6,30.2076997,36.00083288,114.6214834,26.9679329,28.18880198,24.28568478,12.41600798,101.3532566,150.4728175,53.76292186,50.56956722,14.53575822,23.88510017,1,0.11836677,24,6,41.68814746,42.16788598,168.5973705,6.232502924,18.68529804,4.481919785,1.486543867,86.52632448,96.37528462,49.14698552,68.41156117,4.431870033,8.92508504,night-active,Ophcf2|03745,no,yes
Ophio5|3948,PF01476.15|LysM;PF01476.15|LysM,NA,SignalP: has predicted secretion signal; SSP: small secreted protein,NA,NA,NA,NA,domain-containing,183,20,1.92E-81,63.9,1,0.032458965,28,4,13.21238834,71.49823448,783.2356526,61.35390694,59.48682926,58.75994665,42.93427605,442.7449302,720.654996,145.5483932,233.5761005,34.13735311,29.95919528,1,0.069996234,24,4,262.3427477,103.547979,1073.935042,7.342300024,3.522534107,1.569929125,6.671996671,479.9393891,857.4430168,232.3166309,388.6033756,15.2245173,26.33188091,night-active,Ophcf2|02949,no,no
Ophio5|400,PF01375.12|Enterotoxin_a,GO:0005576|extracellular region;GO:0009405|pathogenesis;GO:0003824|catalytic activity,SignalP: has predicted secretion signal,NA,NA,NA,NA,Heat-labile enterotoxin A chain,812,3,0,63.33,1,0.032458965,28,0,1.371431246,2.236711641,2.521139739,1.346162179,0,1.15873253,0.508552357,10.48444637,3.784071276,2.220221797,1.342509011,0.63691394,1.037821359,1,0.069996234,28,4,0.765994508,1.880388559,3.940000061,0.842904472,0.592226434,0.917883941,0.097420735,1.508113687,1.803909832,1.265526934,1.689861223,0.319352668,0.266558698,night-active,Ophcf2|03198,no,yes
Ophio5|4122,PF01565.18|FAD_binding_4,GO:0055114|oxidation-reduction process;GO:0016491|oxidoreductase activity;GO:0050660|flavin adenine dinucleotide binding;GO:0008762|UDP-N-acetylmuramate dehydrogenase activity,SignalP: has predicted secretion signal,NA,NA,NA,NA,FAD binding domain,504,20,0,71.3,1,0.032458965,28,26,0.479483727,0.5779197,1.227867841,0.385937558,0,0.602682117,0.730999056,1.782717456,1.459156909,0.875347903,0.392964834,0.401231107,0.556929878,1,0.382262318,28,2,0.732778035,1.06513979,1.542894324,0,0.33003205,0,0,1.036304636,0.654080231,0.488969536,0.618297558,0.10823709,0.12260946,night-active,Ophcf2|06808,no,yes
Ophio5|4553,PF00067.17|p450,"GO:0005506|iron ion binding;GO:0055114|oxidation-reduction process;GO:0016705|oxidoreductase activity, acting on paired donors, with incorporation or reduction of molecular oxygen;GO:0020037|heme binding",NA,NA,NA,NA,NA,cytochrome P450 52E1,564,20,0,73.7,1,0.032458965,28,2,1.602948283,4.21185045,4.481355416,3.078042496,1.93113959,1.975161745,2.299865347,6.916044146,9.585886115,4.04235145,3.286547229,3.227602441,2.668137687,1,0.192670121,24,6,2.115641247,3.256936526,8.427510296,1.455464784,3.965901358,1.789441339,1.471915223,6.616104186,6.337284953,4.200474284,3.22740382,0.556271593,0.931506387,night-active,Ophcf2|00992,no,yes
Ophio5|4563,PF06863.7|DUF1254;PF06742.6|DUF1214,NA,SignalP: has predicted secretion signal,NA,NA,NA,NA,hypothetical protein XA68_4010,598,20,0,54.9,1,0.032458965,24,6,16.212984,6.521356627,53.4555829,6.582547417,7.170450204,5.806906157,3.081423398,35.49540972,60.27852705,9.593754559,28.68090343,3.044399631,3.155254146,1,0.192670121,24,4,13.29890681,5.198885452,119.1289142,3.301379198,2.44233512,2.772929908,1.35531108,22.36618753,32.86562067,10.28300847,22.93584598,2.874426557,3.15274159,night-active,Ophcf2|00923,yes,yes
Ophio5|4573,PF01699.19|Na_Ca_ex;PF01699.19|Na_Ca_ex,GO:0016021|integral component of membrane;GO:0055085|transmembrane transport,NA,NA,10,NA,NA,Vacuolar calcium ion transporter,746,20,0,72.2,1,0.032458965,24,6,32.75111438,74.92335242,108.418283,82.92868544,86.68749015,61.96903001,28.28702128,118.0823724,124.9085683,158.8650491,83.56871769,43.06803835,71.89748512,1,0.069996234,24,6,38.20789712,100.6967232,111.9834789,61.01873969,80.74249073,40.02373529,13.04146726,139.455608,118.1866062,104.218769,85.98938112,26.21398717,68.75608622,night-active,Ophcf2|02350,no,yes
Ophio5|4866,NA,NA,SignalP: has predicted secretion signal; SSP: small secreted protein,NA,NA,NA,NA,hypothetical protein XA68_4900,78,14,3.83E-50,56.07,1,0.032458965,24,6,231.6332669,239.2767631,1322.997377,159.4106251,150.8283266,128.6030637,92.52227286,402.2493323,923.657867,510.5965258,447.6725736,78.36985923,177.0092346,1,0.069996234,24,4,495.9449265,193.5134049,1530.378652,54.52509723,37.97457384,46.31622129,103.2647455,1015.248725,1429.115627,599.7854372,823.3657264,50.33538464,139.5109416,night-active,NA,NA,NA
Ophio5|4994,NA,NA,NA,NA,NA,NA,NA,hypothetical protein XA68_1740,226,1,6.68E-135,100,1,0.032458965,24,6,5.02863951,19.38410435,27.24012484,15.38845908,14.64862756,15.00383894,12.0341122,20.25169703,33.59756992,21.33981859,24.29074159,10.90963679,14.22354746,1,0.984211769,28,4,2.174278331,23.57112619,33.75222936,5.00268313,33.03955213,11.66496531,2.267928952,20.15609256,24.50409294,10.2736257,20.46755582,2.829303226,2.864038165,night-active,NA,NA,NA
Ophio5|509,PF01284.18|MARVEL,GO:0016020|membrane,NA,NA,4,NA,NA,might be a transmembrane,160,20,1.29E-88,71.25,1,0.032458965,24,6,48.30157698,76.97128315,140.3616488,57.17518325,22.69750628,48.34023952,20.08567467,97.32030577,182.5022377,106.2797857,73.42724004,27.40776737,34.86796138,1,0.021438584,24,6,63.21075538,69.28109317,134.6997855,58.495177,32.43606917,24.22176365,7.625139052,197.0744296,157.7284007,112.217496,60.97412416,20.28521051,27.68993775,night-active,Ophcf2|02092,no,yes
Ophio5|5526,NA,NA,NA,NA,NA,NA,NA,hypothetical protein XA68_4924,246,1,7.31E-104,100,1,0.032458965,28,0,2.843494593,4.99897841,99.71938385,4.066707339,3.575977591,3.872642173,7.173853079,8.06514952,98.2250377,10.73807346,7.689974061,3.099027485,3.916998315,1,0.984211769,24,4,19.94491129,1.604632072,171.8326545,2.298803786,0.899682511,1.559335812,1.282640603,33.05266365,53.86602268,14.94018591,38.6318322,2.876827916,4.198877622,night-active,NA,NA,NA
Ophio5|6498,PF00083.19|Sugar_tr;PF07690.11|MFS_1,GO:0022857|transmembrane transporter activity;GO:0016021|integral component of membrane;GO:0055085|transmembrane transport,NA,NA,11,NA,NA,glucose transporter,548,20,0,89.85,1,0.032458965,24,4,0.975257969,2.412654823,2.447162227,2.293886955,0.536288078,1.187956553,0.537930088,3.489021878,3.221308148,2.147180041,2.220460933,1.18923893,1.987702009,1,1,24,10,0.953078044,1.95954679,3.114438832,0.820269098,3.609245459,1.271575867,0.216401796,2.315033906,2.57509838,1.624208157,3.321462948,0.52270234,0.36654422,night-active,Ophcf2|03429,no,yes
Ophio5|6965,PF01432.15|Peptidase_M3,GO:0006508|proteolysis;GO:0004222|metalloendopeptidase activity,SignalP: has predicted secretion signal,NA,NA,M03A,NA,thimet oligopeptidase,780,20,0,67.45,1,0.032458965,28,4,0.420963959,3.506907587,67.44145781,3.090579448,4.435070497,2.096948661,3.062895402,6.450312444,74.77244997,13.56056057,22.39655162,1.354847107,0.907489069,1,0.11836677,24,4,25.19409298,2.319921694,109.7133628,0.376046096,0.213401005,0,0.050706183,37.19910932,83.16550571,18.98783001,37.18097928,1.294756738,1.605422527,night-active,Ophcf2|02818,yes,yes
Ophio5|7255,PF00933.16|Glyco_hydro_3;PF01915.17|Glyco_hydro_3_C;PF14310.1|Fn3-like,"GO:0005975|carbohydrate metabolic process;GO:0004553|hydrolase activity, hydrolyzing O-glycosyl compounds",SignalP: has predicted secretion signal,NA,NA,NA,NA,beta-glucosidase 1 precursor,873,20,0,82.55,1,0.032458965,28,0,0.433322978,1.258636066,15.88415482,0.617527266,0.554840513,0.746210695,0.963011799,1.205389195,4.763546281,0.864038822,1.167718319,0.154555079,0.476257884,1,0.461567736,24,4,2.176801842,0.615441183,31.42499724,0.291227766,0.678021603,0.247883546,0.090621347,5.850937354,9.357538201,2.684017559,3.515382409,0.375238424,0.690730355,night-active,Ophcf2|06979,yes,no
Ophio5|7311,PF02837.13|Glyco_hydro_2_N;PF00703.16|Glyco_hydro_2;PF02836.12|Glyco_hydro_2_C,"GO:0005975|carbohydrate metabolic process;GO:0004553|hydrolase activity, hydrolyzing O-glycosyl compounds",SignalP: has predicted secretion signal,NA,NA,NA,NA,glycoside hydrolase family 2,632,20,0,83.8,1,0.032458965,24,6,0.560189755,1.41863871,2.340104455,1.823694487,1.668966774,0.663979508,0.769800901,1.755093754,2.095376982,3.84088278,1.433155431,1.138124396,1.70615864,1,0.192670121,24,6,1.291153938,2.012580172,2.495997861,0.247449817,1.374988714,0.380288256,0.218965798,3.495978718,2.71345132,3.142425332,1.637658272,0.151112999,0.758077054,night-active,Ophcf2|06300,yes,yes
Ophio5|7317,NA,NA,SignalP: has predicted secretion signal,NA,NA,NA,NA,hypothetical protein XA68_25,309,2,0,70.5,1,0.032458965,28,2,66.51418862,171.7783851,773.8136457,152.7752497,72.73959122,138.4321939,80.35660392,191.0529855,724.394917,297.9683084,183.6322857,75.96498473,60.67733054,1,0.069996234,24,4,202.5577737,268.3998558,1199.671537,22.16900911,11.82792282,5.590973401,8.495166625,337.9241374,534.2080017,188.3391475,321.7484866,22.74550072,48.83515029,night-active,Ophcf2|06301,no,yes
Ophio5|7576,NA,NA,NA,NA,NA,NA,NA,metalloprotease 1,121,14,3.33E-71,51.86,1,0.032458965,28,4,0.510359288,1.840160458,18.49489914,0.860207608,0.425875827,1.187956553,0.847239889,1.256047876,10.871915,5.435049478,2.323738186,0.184537075,0.276638939,1,0.572336539,24,4,1.991955995,0.464103187,23.5948309,0,0.151790697,0,0.324602694,8.089000823,11.04645006,2.361348781,2.968841881,0.560038221,0.380642075,night-active,NA,NA,NA
Ophio5|7874,PF00264.15|Tyrosinase,GO:0016491|oxidoreductase activity;GO:0008152|metabolic process,SignalP: has predicted secretion signal,NA,NA,NA,NA,tyrosinase precursor,599,20,0,75,1,0.032458965,24,2,0.869425221,1.945662991,2.526224391,1.099427248,0.20205442,0.99035978,0.221492714,4.629059776,2.364138183,1.381408409,0.874112848,0.337702848,1.424997914,1,0.005280534,24,6,0.815377503,1.085227953,2.380771659,0.522119113,0.246912867,0.200602055,0.165006369,1.39555691,1.673573283,1.623333583,0.770192658,0.045549775,0.515981479,night-active,Ophcf2|06387,no,yes
Ophio5|7954,PF00248.16|Aldo_ket_red,NA,NA,NA,NA,NA,NA,"2,5-diketo-D-gluconic acid reductase A",313,20,0,88.8,1,0.032458965,28,2,20.78277715,36.82079031,53.3184013,19.33706002,20.35252439,13.98535094,11.00409661,69.96966699,57.3189595,34.13926514,14.35537367,8.532195097,6.84314285,1,0.039672068,24,4,17.9241377,27.22837234,67.6183265,3.803654365,2.53596814,2.376559377,1.072015902,34.19050937,35.55571801,23.54831258,26.33159957,2.045388001,8.67637646,night-active,Ophcf2|05238,no,yes
Ophio5|7999,PF12697.2|Abhydrolase_6,NA,NA,NA,2,NA,NA,alpha beta hydrolase fold family,493,20,0,80.65,1,0.032458965,28,0,0.87098203,5.271649959,2.336083468,3.823918842,0.280468831,2.229703069,2.271720142,3.4509534,3.132461339,3.914922616,1.606860252,1.458365875,1.525807483,1,0.461567736,24,6,1.067720128,2.750797838,2.716375466,3.804916612,1.911825336,0.925855638,0.36074267,2.300368532,1.818713775,3.221304025,1.188282797,0.719206979,2.600797333,night-active,NA,NA,NA
Ophio5|8106,NA,NA,SignalP: has predicted secretion signal; SSP: small secreted protein,NA,NA,NA,NA,hypothetical protein XA68_776,178,1,1.61E-20,100,1,0.032458965,20,6,0.576312608,1.379606332,1.53959841,1.423839249,0.387015649,0.728701841,0.494955785,1.605144981,1.543730947,1.234778466,0.712699589,1.257738726,1.885472101,1,1,24,10,0.720055497,1.107106486,1.571865493,0.875059966,2.172557349,1.075854596,0,1.002395226,2.140559772,0.996301987,1.60481031,0,0.172954686,night-active,Ophcf2|03107,no,no
Ophio5|8126,PF03663.9|Glyco_hydro_76,NA,SignalP: has predicted secretion signal,NA,NA,NA,NA,"related to endo-1,6-alpha-D-mannanase",414,20,0,75.95,1,0.032458965,28,0,0.531229485,3.137584434,1.867690541,2.420425814,0.959845438,1.082614864,1.601152148,1.800083071,1.953160633,2.973634165,1.741963734,0.650993442,1.789154008,1,0.11836677,24,6,0.809768259,1.705439423,2.451177831,1.13230651,1.47255264,0.928086616,0.954253702,2.918419355,2.228601075,2.049482752,1.715440502,0.197565291,0.596797855,night-active,Ophcf2|02756,no,yes
Ophio5|833,NA,NA,SignalP: has predicted secretion signal,NA,1,NA,NA,signal sequence receptor alpha chain,264,20,8.36E-156,79.45,1,0.032458965,24,6,13.16425444,59.21705793,90.21610947,62.40145391,48.75447893,51.4093802,39.17217052,62.23480236,85.43570184,68.80977735,76.65091548,46.47131015,57.56595347,1,0.3029569,28,4,14.85091357,77.34586097,94.4958082,29.03671859,57.16265806,28.70501857,9.265263301,72.67428435,85.65637242,51.81898219,78.3310677,16.96514274,43.80974821,night-active,Ophcf2|04785,no,yes
Ophio5|5728,NA,NA,SignalP: has predicted secretion signal,NA,NA,NA,NA,NA,1221,NA,NA,NA,1,0.044864305,24,4,0.0694015,0.055114462,0.211427053,0.098148542,0,0.011860123,0,0.172423921,0.165826854,0.075363252,0.057998375,0.018423505,0.073649647,1,0.382262318,24,6,0.055566432,0,0.247960149,0.064089908,0.015154227,0,0,0.08565202,0.129745538,0.078582802,0.122647568,0.011182433,0.012667303,night-active,NA,NA,NA
Ophio5|5890,NA,NA,SignalP: has predicted secretion signal; SSP: small secreted protein,NA,NA,NA,NA,hypothetical protein XA68_5265,187,1,3.67E-94,100,1,0.044864305,24,6,0.216692677,0.238829336,0.366473558,0.318982761,0,0.154181595,0,0.509434311,0.685920169,0.293916683,0.301591552,0,0.119680676,1,0.192670121,28,4,0.253602358,0.752933362,0.920994839,0.416584399,0.886522262,0.384131595,0,0.397670092,0.702788333,0.437818467,0.465038695,0.363429059,0.16467494,night-active,NA,NA,NA
Ophio5|7679,NA,NA,SignalP: has predicted secretion signal,NA,1,NA,NA,hypothetical protein XA68_2428,1019,1,0,93,1,0.044864305,24,2,0.038312409,0.176078099,0.067546107,0.073491126,0,0,0.028953296,0.300466355,0.054181929,0.018057626,0.041690597,0.044144163,0.077205769,1,1,24,6,0.078686058,0.027755191,0.16975199,0.172760001,0,0.070800725,0.058237542,0.073296056,0.14248689,0.228638533,0,0.026793986,0.045527778,night-active,Ophcf2|05442,no,yes
Ophio5|1682,NA,NA,NA,NA,NA,NA,NA,---NA---,110,NA,NA,NA,1,0.057269646,28,2,36.2789284,189.1054986,165.8804591,172.747844,119.5163597,137.8800168,119.1936766,183.4367397,202.474453,267.1552599,160.6477666,150.0901547,145.5403275,1,0.683105342,28,26,4.702066171,204.5482533,182.5063286,177.2735501,183.015821,196.4815803,117.0207332,237.6218522,226.1585518,198.2357874,163.827686,129.3859835,196.2124164,night-active,NA,NA,NA
Ophio5|1830,PF04145.10|Ctr,GO:0005375|copper ion transmembrane transporter activity;GO:0016021|integral component of membrane;GO:0035434|copper ion transmembrane transport,NA,NA,3,NA,NA,Ctr copper transporter family,203,20,8.74E-112,66.7,1,0.057269646,24,6,27.31226005,58.10577257,74.55401528,57.02911393,24.36538595,45.82367705,21.6425887,67.51103406,112.5178066,117.9162995,46.4850155,27.59010196,37.22421022,1,0.039672068,28,0,57.69558728,88.12273017,85.19427995,13.62884449,16.24904529,3.186032637,2.911877105,98.65649162,114.4428789,70.27272552,66.61125693,2.143518839,20.63925915,night-active,Ophcf2|02713,no,yes
Ophio5|2222,NA,NA,SignalP: has predicted secretion signal; SSP: small secreted protein,NA,NA,NA,NA,hypothetical protein XA68_1843,201,1,9.79E-68,100,1,0.057269646,28,4,39.58822314,88.79958471,109.1438081,81.34376217,24.34941526,38.16986739,26.68146553,38.40428562,82.53356264,113.1569528,60.62886007,29.42361448,42.99498657,1,0.984211769,24,6,40.44390119,69.37423632,67.39448125,73.66532038,32.63650271,23.71473798,7.253745343,148.3396064,82.74114917,145.7400866,56.69788608,30.5769779,80.61572016,night-active,NA,NA,NA
Ophio5|2277,NA,NA,SignalP: has predicted secretion signal,NA,NA,NA,NA,hypothetical protein XA68_1870,308,5,0,57.8,1,0.057269646,24,4,484.5420778,694.1323455,1723.429076,565.7247004,167.3604711,484.1811039,236.0677468,1272.766727,1390.343376,847.2638241,574.0565822,271.8380422,337.3902828,1,0.11836677,24,4,648.0025902,981.2403016,2502.717038,109.746396,119.5010332,33.654403,32.10415185,1046.425734,1204.040626,585.7586023,1152.560674,66.7768551,195.6221044,night-active,Ophcf2|04814,no,yes
Ophio5|2375,PF00324.16|AA_permease;PF00324.16|AA_permease;PF13520.1|AA_permease_2,GO:0003333|amino acid transmembrane transport;GO:0006810|transport;GO:0016020|membrane;GO:0055085|transmembrane transport;GO:0015171|amino acid transmembrane transporter activity,NA,NA,11,NA,NA,Amino-acid permease inda1,516,20,0,80.3,1,0.057269646,24,6,44.46512353,196.3611377,246.4368096,221.4610311,193.5568564,167.3290803,148.9185055,312.4036446,274.261171,221.0965979,254.0497562,108.2565158,218.1887522,1,0.984211769,28,0,102.0507651,240.1720528,264.1580652,95.62505512,139.4795025,54.70965134,44.96343773,189.0595921,224.2022562,128.6920949,257.1120433,35.36495129,168.6271386,night-active,Ophcf2|05307,no,no
Ophio5|2406,PF00240.18|ubiquitin;PF01020.12|Ribosomal_L40e;PF11976.3|Rad60-SLD;PF14560.1|Ubiquitin_2,GO:0006412|translation;GO:0005515|protein binding;GO:0003735|structural constituent of ribosome;GO:0005840|ribosome,NA,NA,NA,NA,NA,ubiquitin-60S ribosomal L40,178,20,2.02E-93,98.85,1,0.057269646,24,6,58.66732634,352.1758709,435.4176753,362.8277428,337.9614155,289.6994653,196.6624319,409.5259895,440.8895585,361.0698031,515.6777469,225.8898752,351.9547921,1,0.3029569,28,4,103.1177564,467.0407788,493.8075904,120.7582753,356.2994052,117.8060783,50.11031416,270.0619806,358.0639811,219.8761846,429.0425477,66.8741953,107.9237238,night-active,Ophcf2|04244,yes,no
Ophio5|3080,PF00153.22|Mito_carr;PF00153.22|Mito_carr;PF00153.22|Mito_carr,NA,NA,NA,NA,NA,NA,mitochondrial 2-oxodicarboxylate carrier 2,298,20,0,93.55,1,0.057269646,28,18,13.88224073,53.75976465,47.17948714,70.04712064,77.67462321,72.17451892,89.78233082,69.6360924,51.32242817,65.35894412,59.59106116,60.53803562,81.87278986,1,0.3029569,28,16,7.234650036,49.3299779,49.65671505,56.51197254,50.84836048,62.39461909,64.03792338,49.00785134,40.83035682,41.70550361,40.89407642,55.93938964,61.76246531,night-active,Ophcf2|01153,no,yes
Ophio5|3116,NA,NA,NA,NA,NA,NA,NA,hypothetical protein XA68_2790,288,20,4.55E-119,62.5,1,0.057269646,24,6,11.47474802,16.54616251,26.64097915,15.92595935,8.5695844,7.422056584,4.751746802,73.70262935,47.74384125,17.6539852,7.357164152,5.063595183,3.269891408,1,0.3029569,20,6,10.97934712,9.208192647,40.51580583,20.46020399,4.165052686,3.498388778,4.93306239,19.71232758,22.85885927,22.87967602,8.643329186,11.44260792,30.42326782,night-active,Ophcf2|04038,yes,yes
Ophio5|3148,NA,NA,NA,NA,NA,NA,NA,---NA---,147,NA,NA,NA,1,0.057269646,28,4,18.65701221,47.02355981,110.7938707,40.215536,20.01040878,22.52301411,10.9748642,39.47427489,105.8011998,156.4351685,62.06265068,17.493616,45.22797434,1,0.11836677,24,6,61.3205452,55.09030265,123.5719933,14.15542527,12.01197731,7.319264166,8.830070572,205.2923485,138.016232,96.21356637,74.34693921,10.15636882,35.77006739,night-active,NA,NA,NA
Ophio5|3332,NA,NA,SignalP: has predicted secretion signal; SSP: small secreted protein,NA,NA,NA,NA,hypothetical protein XA68_7551,217,1,3.46E-129,100,1,0.057269646,28,0,9.295512782,38.00015756,19.12050571,16.98656361,18.19284228,15.22437164,7.586294785,31.28020146,23.66109941,22.89673876,16.64564014,8.055297291,16.46213187,1,0.192670121,24,6,10.50176204,20.77819774,22.33834959,17.87299945,7.390396591,6.62538897,1.453267106,23.38883877,16.54582954,26.80734357,12.08856813,3.071475676,8.236768562,night-active,Ophcf2|06381,no,yes
Ophio5|3343,NA,NA,SignalP: has predicted secretion signal; SSP: small secreted protein,NA,NA,NA,NA,---NA---,179,NA,NA,NA,1,0.057269646,24,6,11.62558481,19.45662991,99.99638214,23.48776393,7.312445679,14.81513817,6.316644061,27.77435866,81.26085356,23.84208587,13.7023095,10.00601031,17.56247429,1,0.039672068,24,6,12.82648753,17.45801489,127.9364164,17.73029487,8.744830704,17.11804202,3.190123139,33.22754547,46.830691,21.64444777,20.53847089,6.528801131,7.997712922,night-active,Ophcf2|03589,no,yes
Ophio5|3915,PF00962.17|A_deaminase,GO:0019239|deaminase activity,SignalP: has predicted secretion signal,NA,NA,NA,NA,adenosine deaminase family,567,20,0,80.15,1,0.057269646,24,4,26.12011951,40.67078584,120.1149345,29.82601129,14.63573264,27.07244228,16.50796635,92.03038463,82.24969496,51.55960963,33.44055621,18.39132881,27.13464338,1,0.192670121,24,4,28.36612951,45.55564982,180.2344742,10.03102961,10.23732045,6.272345942,3.695213059,72.15583795,59.24654123,36.44530416,47.56166881,4.811595986,20.87544786,night-active,NA,NA,NA
Ophio5|4092,PF13738.1|Pyr_redox_3;PF00743.14|FMO-like;PF13450.1|NAD_binding_8;PF13434.1|K_oxygenase;PF07992.9|Pyr_redox_2,"GO:0004499|N,N-dimethylaniline monooxygenase activity;GO:0016491|oxidoreductase activity;GO:0055114|oxidation-reduction process;GO:0050661|NADP binding;GO:0050660|flavin adenine dinucleotide binding",NA,NA,NA,NA,NA,Flavin monooxygenase,588,20,0,77.25,1,0.057269646,24,8,23.61667993,24.08891884,101.9711119,26.98085081,34.40266866,22.95761335,17.42359209,40.97616288,114.9411217,117.1109109,48.01142929,15.82444585,25.23128735,1,0.192670121,24,6,41.48341085,28.83900959,131.3301113,19.54622485,32.16364977,16.18439669,4.26943475,127.8950226,122.0522594,65.95969354,75.5738072,6.542463486,17.42423025,night-active,Ophcf2|00015,no,yes
Ophio5|4676,PF01375.12|Enterotoxin_a,GO:0005576|extracellular region;GO:0009405|pathogenesis;GO:0003824|catalytic activity,SignalP: has predicted secretion signal,NA,NA,NA,NA,Cholera toxin subunit A precursor,379,20,0,57.6,1,0.057269646,24,6,187.1225347,222.4318166,647.3147822,219.3594078,115.809086,174.6796326,109.8526144,406.8867933,654.751544,454.9923065,515.5525035,114.64123,190.2727478,1,0.192670121,24,6,199.4282519,282.506938,741.7413711,94.23906487,101.3642296,73.04026399,29.54482465,544.3458916,548.8370002,292.6693556,409.7578323,49.30163841,139.6816177,night-active,Ophcf2|01687,no,no
Ophio5|4964,NA,NA,NA,NA,NA,NA,NA,hypothetical protein XA68_72,123,20,1.95E-81,80.05,1,0.057269646,28,0,13.34489791,59.56480682,55.97883594,50.17547374,28.91147347,42.66105268,40.36883333,66.57813449,67.29919963,61.34641644,53.38413685,36.8568162,54.97975823,1,0.3029569,24,6,6.99060553,46.11838284,50.44303588,39.15893346,50.77643635,37.46728703,29.06241214,63.06534537,48.37450789,47.5715657,45.42592269,34.49293471,38.69861091,night-active,Ophcf2|01763,no,yes
Ophio5|4975,PF13426.1|PAS_9;PF08447.6|PAS_3;PF00989.19|PAS;PF00320.22|GATA,"GO:0008270|zinc ion binding;GO:0005515|protein binding;GO:0006355|regulation of transcription, DNA-templated;GO:0043565|sequence-specific DNA binding;GO:0007165|signal transduction;GO:0003700|sequence-specific DNA binding transcription factor activity;GO:0004871|signal transducer activity",NA,GATA type zinc finger,NA,NA,NA,white collar 1,1071,20,0,81.95,1,0.057269646,28,0,8.306015737,45.02556792,51.57636721,39.46638009,30.24354006,35.0294256,34.28453761,46.11787165,44.64550542,45.15349874,40.50132592,28.58293384,38.21006534,1,0.461567736,20,6,9.283076552,43.07284533,53.66427297,29.15002696,27.77769753,24.88064293,29.79350078,49.5019137,45.73814651,31.54443937,36.37366094,31.37070814,54.07697682,night-active,Ophcf2|01775,yes,yes
Ophio5|5080,PF01375.12|Enterotoxin_a,GO:0005576|extracellular region;GO:0009405|pathogenesis;GO:0003824|catalytic activity,SignalP: has predicted secretion signal,NA,NA,NA,NA,Cholera toxin subunit A precursor,318,20,0,58.6,1,0.057269646,28,2,51.0430916,64.95708731,132.7725658,45.77552605,25.84269699,41.38930008,18.7470322,248.2909373,136.8645726,64.09042148,35.45922489,23.64272812,16.01094835,1,0.039672068,24,4,55.31244075,83.68842519,199.2005013,7.365316639,3.541148484,2.414770818,2.669068544,97.63586127,84.41038653,50.27180781,61.89991998,5.825801986,11.50040224,night-active,NA,NA,NA
Ophio5|5081,PF01501.15|Glyco_transf_8,"GO:0016757|transferase activity, transferring glycosyl groups",NA,NA,NA,NA,NA,Glycosyltransferase family 8,406,20,0,85.55,1,0.057269646,28,0,13.74300277,20.18841395,34.66011463,15.21320483,11.2339137,11.64430927,6.820742047,43.81585683,35.66688576,19.50489842,13.37376984,11.78226153,12.05157941,1,0.069996234,24,6,13.24331059,21.91091583,42.22320074,6.205776925,7.416485991,6.328575885,3.064983174,27.03922128,32.49541297,23.15597131,19.45556061,3.693225027,6.845945911,night-active,Ophcf2|06840,no,yes
Ophio5|5337,PF00246.19|Peptidase_M14,GO:0008270|zinc ion binding;GO:0004181|metallocarboxypeptidase activity;GO:0006508|proteolysis,SignalP: has predicted secretion signal,NA,NA,M14A,NA,zinc carboxypeptidase A 1 precursor,441,20,0,64.4,1,0.057269646,28,0,23.21418208,42.71586952,44.89218169,25.13396516,3.565666237,23.60862073,10.32296359,62.10119513,57.59955871,37.62931503,33.76938346,10.84927702,28.4558407,1,0.010975437,24,4,26.10373619,44.77125746,63.46112854,11.11865645,5.865577156,0.435696771,2.105511137,42.35384416,52.37140496,37.74087637,38.57085649,1.638555267,12.81782045,night-active,NA,NA,NA
Ophio5|5429,NA,NA,NA,NA,NA,NA,NA,hypothetical protein XA68_267,305,1,3.40E-143,100,1,0.057269646,24,6,10.82632319,9.390831931,172.1862837,8.280000218,9.961226311,7.341260923,9.168543709,13.27059733,119.9828724,37.74043888,23.8099631,5.665167602,7.904400195,1,0.461567736,24,4,29.88671839,7.678936067,238.8551958,2.751362972,4.236250168,3.225366373,2.135376544,87.90640338,103.7131844,32.63702978,45.50952909,4.287037679,5.362160467,night-active,NA,NA,NA
Ophio5|5474,PF04199.8|Cyclase,NA,NA,NA,NA,NA,NA,hypothetical protein XA68_4858,353,20,0,74.35,1,0.057269646,28,0,10.08965406,17.88386452,23.45223722,14.18752419,5.968677784,10.23521889,4.004388047,43.17930686,32.42038494,17.11801757,13.33392479,6.804934978,9.247867819,1,0.11836677,28,2,10.76841883,22.95213135,24.82263209,4.811902841,9.25923251,3.944040402,1.062752887,18.83832874,17.84050021,14.60961472,13.75974057,1.968676731,4.197815421,night-active,Ophcf2|03580,NA,yes
Ophio5|5732,PF03134.14|TB2_DP1_HVA22,NA,NA,NA,3,NA,NA,yop-1,169,20,4.35E-119,91.4,1,0.057269646,28,26,37.67401679,263.7209723,285.4160739,251.5160303,146.7016966,232.8269061,263.9671989,309.6305785,274.7023817,256.4544081,264.4851465,205.667656,252.330513,1,0.984211769,24,4,13.89283535,244.1346565,262.2668244,175.0634672,256.5352066,164.2576826,261.1371388,258.2366651,252.9789955,205.9360714,214.6008987,187.4507225,193.2198879,night-active,Ophcf2|04776,no,no
Ophio5|6660,NA,NA,SignalP: has predicted secretion signal; SSP: small secreted protein,NA,NA,NA,NA,---NA---,85,NA,NA,NA,1,0.057269646,28,26,145.7780043,359.9824594,266.9759868,153.582781,56.99142945,154.5365714,67.13461326,584.8874566,188.7169199,134.0715758,95.26786157,74.60876874,124.6655152,1,0.683105342,28,26,40.95741973,128.0547038,121.8069221,156.4080656,41.98954278,97.12871589,148.2754909,276.445451,130.5878786,424.1510642,44.29454948,109.6372499,103.3162915,night-active,NA,NA,NA
Ophio5|6672,PF05730.6|CFEM;PF05730.6|CFEM,NA,SignalP: has predicted secretion signal,NA,NA,NA,NA,CFEM domain-containing,704,20,0,75.35,1,0.057269646,24,6,248.0375105,622.612157,1001.303486,550.9257584,600.3165791,487.9539125,249.6008199,1052.85808,1038.522331,869.941129,806.958462,291.2068341,535.9779389,1,0.3029569,24,6,424.8766643,892.8785764,1425.85351,115.0883832,304.0180343,76.27999841,52.26840055,986.0309466,808.6001443,500.8448677,626.6772879,75.74830724,238.4493132,night-active,Ophcf2|06997,yes,yes
Ophio5|675,PF05347.10|Complex1_LYR;PF13232.1|Complex1_LYR_1,NA,NA,NA,NA,NA,NA,NADH dehydrogenase (ubiquinone) 1 beta subcomplex 9,99,20,8.96E-49,93.3,1,0.057269646,24,4,19.35076926,135.8222434,167.2475375,129.0827537,80.35992935,125.5099858,116.062182,156.8772396,167.0862336,135.3780241,153.5131158,113.6932921,129.2623108,1,0.3029569,28,2,37.74646458,146.3642221,170.5498243,73.22720558,135.555164,83.2899732,92.86558463,146.8325234,154.1889491,97.12564874,136.7612369,81.57964762,84.05338291,night-active,Ophcf2|00086,no,no
Ophio5|6820,PF07690.11|MFS_1,GO:0016021|integral component of membrane;GO:0055085|transmembrane transport,NA,NA,12,NA,NA,allantoate permease,536,20,0,83.95,1,0.057269646,24,6,11.12232163,23.4951139,26.59014754,14.96427133,9.062616447,12.11804173,8.386750803,40.27130408,29.19366747,23.97528188,11.11283433,8.049527847,9.427360502,1,0.3029569,24,6,12.93317526,24.56722011,37.76507608,3.719004854,6.379731897,4.16893656,1.069315019,30.01616817,22.56199207,18.06116678,15.28058513,1.857616536,4.871556979,night-active,Ophcf2|01604,no,yes
Ophio5|7572,PF12239.3|DUF3605,NA,NA,NA,NA,NA,NA,N-acetylglucosamine-induced 1,231,20,7.72E-125,76.55,1,0.057269646,24,2,8.694318901,61.54384924,42.31821815,28.88581386,16.94569705,29.54837106,29.72330384,52.92319828,41.36977138,33.97947121,35.98689193,32.99395641,37.58076396,1,0.683105342,28,6,8.129344758,34.5336781,44.96598509,23.03963111,29.77322178,22.20457229,12.3754777,26.61784192,27.62079319,21.64181974,35.79996163,18.20027661,14.14500951,night-active,Ophcf2|00307,no,no
Ophio5|7653,NA,NA,NA,NA,NA,NA,NA,LEA domain-containing,138,20,1.06E-91,60.55,1,0.057269646,24,8,172.1092955,111.7652565,635.5626995,104.2981833,187.1443406,91.44188738,55.77154665,229.7189575,786.9710845,448.0136048,297.6708616,63.49137477,69.36140926,1,0.3029569,24,6,172.602379,112.8338353,1202.686742,106.630621,210.7641127,91.9594456,28.49030836,604.0122339,589.5211002,285.3211504,389.8735303,54.16818606,81.51764947,night-active,Ophcf2|05226,yes,yes
Ophio5|7932,NA,NA,SignalP: has predicted secretion signal; SSP: small secreted protein,NA,1,NA,NA,DNA polymerase,135,1,2.97E-04,50,1,0.057269646,28,4,86.31441104,174.1522445,315.3558857,86.09485434,31.96365091,59.03794671,31.37813446,253.2367995,436.2999859,233.8914041,36.58349875,38.73650315,28.53856117,1,0.192670121,24,4,170.5553122,107.6207516,370.0062905,62.33756687,28.73085382,7.788079779,5.969348065,482.764474,268.7173202,296.4567564,146.2937486,15.67448151,80.47034681,night-active,NA,NA,NA
Ophio5|8025,PF02201.13|SWIB,GO:0005515|protein binding,NA,NA,NA,NA,NA,SWIB MDM2 domain,507,20,0,80.1,1,0.057269646,28,26,18.76524069,120.0719188,119.9933982,93.49460061,51.34318728,96.34467957,77.02830599,122.69585,121.2288671,98.87403493,118.1140567,79.41778262,97.30792843,1,0.11836677,28,2,8.436029612,107.5568272,131.6922906,84.36900133,98.16973681,75.48639531,109.0601153,112.6433414,113.8140803,92.51759213,106.2354483,88.17647454,76.6049668,night-active,Ophcf2|01819,no,no
Ophio5|8134,PF05572.8|Peptidase_M43,NA,SignalP: has predicted secretion signal; SSP: small secreted protein,NA,NA,M43B,NA,Extracellular metalloprotease,298,20,3.78E-134,54,1,0.057269646,28,2,56.07690124,179.5245772,265.391816,110.5109906,56.59068373,102.2755104,71.11471748,133.8268602,179.5976928,221.0869467,114.9154592,64.3781349,102.3786127,1,0.11836677,28,0,121.735791,155.2805446,248.2835752,91.80739919,46.20326055,47.17838295,36.68770378,262.7420928,165.7518057,145.8086804,114.9127725,39.30381952,109.3397542,night-active,Ophcf2|00341,no,yes
Ophio5|8194,NA,NA,SignalP: has predicted secretion signal; SSP: small secreted protein,NA,NA,NA,NA,Clock-controlled 6,156,20,2.90E-35,91.65,1,0.057269646,20,12,299.8932999,2855.005434,2107.064229,2925.673308,3412.495078,2242.917965,1244.591542,2988.381906,2940.339419,3244.75531,2058.596699,1396.268633,1737.441724,1,0.683105342,28,0,941.3285896,3092.313624,1691.078514,1477.937963,1759.490081,913.2121063,583.8072485,3089.145854,2789.167248,2903.301604,2154.418065,779.4233849,1747.20531,night-active,NA,NA,NA
Ophio5|8350,PF13561.1|adh_short_C2;PF00106.20|adh_short;PF08659.5|KR,GO:0016491|oxidoreductase activity;GO:0008152|metabolic process,NA,NA,NA,NA,NA,short-chain dehydrogenase,319,20,0,84.25,1,0.057269646,24,6,29.06214047,69.17393181,109.6431623,77.63143252,40.21243771,63.58834441,39.45338965,113.1326247,116.4031024,93.5904197,92.49058914,43.69030596,65.91787226,1,0.192670121,28,4,39.84289271,109.1715728,139.5321572,17.19321922,48.20587926,16.85057261,6.744635344,82.75216363,107.4747843,57.40256164,97.41896325,10.84654025,23.12242002,night-active,Ophcf2|04268,no,no
Ophio5|8629,PF12695.2|Abhydrolase_5;PF10503.4|Esterase_phd;PF00756.15|Esterase,NA,SignalP: has predicted secretion signal,NA,1,NA,NA,carbohydrate esterase family 1,300,20,0,68.05,1,0.057269646,28,0,12.41578645,50.04625096,49.44105724,46.76965505,32.33637895,41.79396916,27.81536406,75.53709183,61.93660545,58.62189394,46.76272197,40.31491363,43.76654723,1,0.3029569,28,4,9.664921797,73.45627887,54.86344837,31.353166,40.60527214,39.98712058,24.14246014,51.76211319,42.05149166,43.34257369,41.65969806,24.19737235,31.78171634,night-active,Ophcf2|06002,no,yes
Ophio5|934,PF00180.15|Iso_dh,"GO:0055114|oxidation-reduction process;GO:0016616|oxidoreductase activity, acting on the CH-OH group of donors, NAD or NADP as acceptor",NA,NA,NA,NA,NA,Isocitrate dehydrogenase,439,20,0,95.7,1,0.057269646,24,6,26.73427922,183.834539,203.7159876,167.9465983,169.1352941,155.0758485,136.016662,216.2307828,218.4664647,202.5647058,194.7746785,131.1924397,180.7412127,1,0.461567736,28,4,43.50763478,195.0193236,262.9178619,137.8572453,158.9641872,119.5405882,83.88323791,186.1233408,184.8237481,154.9545693,189.8136968,98.94653469,127.6702355,night-active,Ophcf2|06857,yes,yes