gene,gene_ID_robin,cluster
GQ602_000001,Ophcf2|00001,1
GQ602_000008,Ophcf2|00008,2
GQ602_000014,Ophcf2|00014,1
GQ602_000016,Ophcf2|00016,1
GQ602_000017,Ophcf2|00017,3
GQ602_000032,Ophcf2|00032,2
GQ602_000039,Ophcf2|00039,1
GQ602_000042,Ophcf2|00042,1
GQ602_000043,Ophcf2|00043,1
GQ602_000044,Ophcf2|00044,4
GQ602_000047,Ophcf2|00047,1
GQ602_000049,Ophcf2|00049,2
GQ602_000051,Ophcf2|00051,3
GQ602_000052,Ophcf2|00052,3
GQ602_000053,Ophcf2|00053,3
GQ602_000056,Ophcf2|00056,2
GQ602_000057,Ophcf2|00057,1
GQ602_000060,Ophcf2|00060,3
GQ602_000062,Ophcf2|00062,1
GQ602_000063,Ophcf2|00063,1
GQ602_000065,Ophcf2|00065,4
GQ602_000070,Ophcf2|00070,1
GQ602_000075,Ophcf2|00075,1
GQ602_000076,Ophcf2|00076,2
GQ602_000077,Ophcf2|00077,3
GQ602_000079,Ophcf2|00079,4
GQ602_000080,Ophcf2|00080,4
GQ602_000083,Ophcf2|00083,4
GQ602_000085,Ophcf2|00085,4
GQ602_000090,Ophcf2|00090,1
GQ602_000091,Ophcf2|00091,1
GQ602_000096,Ophcf2|00096,4
GQ602_000098,Ophcf2|00098,3
GQ602_000103,Ophcf2|00103,1
GQ602_000109,Ophcf2|00109,3
GQ602_000112,Ophcf2|00112,1
GQ602_000115,Ophcf2|00115,4
GQ602_000116,Ophcf2|00116,1
GQ602_000121,Ophcf2|00121,4
GQ602_000122,Ophcf2|00122,3
GQ602_000124,Ophcf2|00124,4
GQ602_000125,Ophcf2|00125,4
GQ602_000127,Ophcf2|00127,2
GQ602_000129,Ophcf2|00129,3
GQ602_000131,Ophcf2|00131,4
GQ602_000134,Ophcf2|00134,3
GQ602_000137,Ophcf2|00137,4
GQ602_000144,Ophcf2|00144,2
GQ602_000146,Ophcf2|00146,1
GQ602_000147,Ophcf2|00147,1
GQ602_000153,Ophcf2|00153,1
GQ602_000154,Ophcf2|00154,1
GQ602_000160,Ophcf2|00160,1
GQ602_000162,Ophcf2|00162,4
GQ602_000171,Ophcf2|00171,3
GQ602_000172,Ophcf2|00172,1
GQ602_000179,Ophcf2|00179,3
GQ602_000183,Ophcf2|00183,1
GQ602_000184,Ophcf2|00184,3
GQ602_000197,Ophcf2|00197,4
GQ602_000198,Ophcf2|00198,1
GQ602_000200,Ophcf2|00200,1
GQ602_000201,Ophcf2|00201,4
GQ602_000208,Ophcf2|00208,4
GQ602_000210,Ophcf2|00210,2
GQ602_000212,Ophcf2|00212,1
GQ602_000215,Ophcf2|00215,1
GQ602_000216,Ophcf2|00216,3
GQ602_000220,Ophcf2|00220,1
GQ602_000221,Ophcf2|00221,4
GQ602_000225,Ophcf2|00225,4
GQ602_000227,Ophcf2|00227,4
GQ602_000228,Ophcf2|00228,4
GQ602_000229,Ophcf2|00229,2
GQ602_000230,Ophcf2|00230,4
GQ602_000242,Ophcf2|00242,3
GQ602_000244,Ophcf2|00244,1
GQ602_000247,Ophcf2|00247,1
GQ602_000250,Ophcf2|00250,1
GQ602_000251,Ophcf2|00251,1
GQ602_000253,Ophcf2|00253,4
GQ602_000255,Ophcf2|00255,4
GQ602_000258,Ophcf2|00258,1
GQ602_000261,Ophcf2|00261,1
GQ602_000262,Ophcf2|00262,4
GQ602_000266,Ophcf2|00266,1
GQ602_000268,Ophcf2|00268,3
GQ602_000270,Ophcf2|00270,2
GQ602_000274,Ophcf2|00274,4
GQ602_000281,Ophcf2|00281,3
GQ602_000283,Ophcf2|00283,1
GQ602_000284,Ophcf2|00284,3
GQ602_000290,Ophcf2|00290,1
GQ602_000299,Ophcf2|00299,1
GQ602_000300,Ophcf2|00300,1
GQ602_000302,Ophcf2|00302,2
GQ602_000304,Ophcf2|00304,3
GQ602_000311,Ophcf2|00311,1
GQ602_000317,Ophcf2|00317,4
GQ602_000319,Ophcf2|00319,4
GQ602_000323,Ophcf2|00323,3
GQ602_000324,Ophcf2|00324,4
GQ602_000325,Ophcf2|00325,2
GQ602_000326,Ophcf2|00326,2
GQ602_000328,Ophcf2|00328,1
GQ602_000330,Ophcf2|00330,2
GQ602_000340,Ophcf2|00340,1
GQ602_000345,Ophcf2|00345,2
GQ602_000346,Ophcf2|00346,2
GQ602_000361,Ophcf2|00361,1
GQ602_000363,Ophcf2|00363,4
GQ602_000364,Ophcf2|00364,4
GQ602_000367,Ophcf2|00367,4
GQ602_000368,Ophcf2|00368,4
GQ602_000369,Ophcf2|00369,2
GQ602_000370,Ophcf2|00370,4
GQ602_000373,Ophcf2|00373,1
GQ602_000374,Ophcf2|00374,3
GQ602_000376,Ophcf2|00376,3
GQ602_000381,Ophcf2|00381,2
GQ602_000382,Ophcf2|00382,1
GQ602_000383,Ophcf2|00383,2
GQ602_000385,Ophcf2|00385,1
GQ602_000386,Ophcf2|00386,1
GQ602_000388,Ophcf2|00388,3
GQ602_000389,Ophcf2|00389,4
GQ602_000393,Ophcf2|00393,3
GQ602_000395,Ophcf2|00395,1
GQ602_000398,Ophcf2|00398,4
GQ602_000405,Ophcf2|00405,1
GQ602_000411,Ophcf2|00411,2
GQ602_000414,Ophcf2|00414,1
GQ602_000416,Ophcf2|00416,4
GQ602_000417,Ophcf2|00417,3
GQ602_000422,Ophcf2|00422,4
GQ602_000426,Ophcf2|00426,2
GQ602_000428,Ophcf2|00428,1
GQ602_000431,Ophcf2|00431,4
GQ602_000438,Ophcf2|00438,1
GQ602_000447,Ophcf2|00447,1
GQ602_000448,Ophcf2|00448,1
GQ602_000452,Ophcf2|00452,1
GQ602_000457,Ophcf2|00457,1
GQ602_000467,Ophcf2|00467,3
GQ602_000470,Ophcf2|00470,2
GQ602_000471,Ophcf2|00471,2
GQ602_000475,Ophcf2|00475,2
GQ602_000480,Ophcf2|00480,4
GQ602_000483,Ophcf2|00483,4
GQ602_000485,Ophcf2|00485,4
GQ602_000488,Ophcf2|00488,1
GQ602_000497,Ophcf2|00497,4
GQ602_000498,Ophcf2|00498,2
GQ602_000503,Ophcf2|00503,3
GQ602_000507,Ophcf2|00507,3
GQ602_000508,Ophcf2|00508,4
GQ602_000511,Ophcf2|00511,2
GQ602_000525,Ophcf2|00525,1
GQ602_000528,Ophcf2|00528,2
GQ602_000529,Ophcf2|00529,4
GQ602_000534,Ophcf2|00534,4
GQ602_000542,Ophcf2|00542,1
GQ602_000547,Ophcf2|00547,4
GQ602_000548,Ophcf2|00548,3
GQ602_000551,Ophcf2|00551,4
GQ602_000553,Ophcf2|00553,2
GQ602_000558,Ophcf2|00558,4
GQ602_000563,Ophcf2|00563,1
GQ602_000569,Ophcf2|00569,4
GQ602_000570,Ophcf2|00570,1
GQ602_000574,Ophcf2|00574,4
GQ602_000576,Ophcf2|00576,2
GQ602_000578,Ophcf2|00578,3
GQ602_000581,Ophcf2|00581,1
GQ602_000583,Ophcf2|00583,1
GQ602_000584,Ophcf2|00584,3
GQ602_000587,Ophcf2|00587,4
GQ602_000592,Ophcf2|00592,4
GQ602_000597,Ophcf2|00597,4
GQ602_000600,Ophcf2|00600,1
GQ602_000602,Ophcf2|00602,4
GQ602_000604,Ophcf2|00604,1
GQ602_000605,Ophcf2|00605,4
GQ602_000607,Ophcf2|00607,4
GQ602_000609,Ophcf2|00609,2
GQ602_000610,Ophcf2|00610,4
GQ602_000615,Ophcf2|00615,4
GQ602_000616,Ophcf2|00616,1
GQ602_000617,Ophcf2|00617,2
GQ602_000629,Ophcf2|00629,4
GQ602_000630,Ophcf2|00630,1
GQ602_000633,Ophcf2|00633,4
GQ602_000636,Ophcf2|00636,4
GQ602_000642,Ophcf2|00642,4
GQ602_000644,Ophcf2|00644,1
GQ602_000645,Ophcf2|00645,1
GQ602_000648,Ophcf2|00648,1
GQ602_000649,Ophcf2|00649,2
GQ602_000650,Ophcf2|00650,1
GQ602_000652,Ophcf2|00652,1
GQ602_000655,Ophcf2|00655,2
GQ602_000657,Ophcf2|00657,1
GQ602_000658,Ophcf2|00658,2
GQ602_000659,Ophcf2|00659,1
GQ602_000660,Ophcf2|00660,4
GQ602_000661,Ophcf2|00661,2
GQ602_000672,Ophcf2|00672,1
GQ602_000681,Ophcf2|00681,1
GQ602_000682,Ophcf2|00682,2
GQ602_000683,Ophcf2|00683,3
GQ602_000685,Ophcf2|00685,4
GQ602_000688,Ophcf2|00688,3
GQ602_000695,Ophcf2|00695,2
GQ602_000696,Ophcf2|00696,2
GQ602_000697,Ophcf2|00697,4
GQ602_000698,Ophcf2|00698,4
GQ602_000700,Ophcf2|00700,1
GQ602_000701,Ophcf2|00701,1
GQ602_000703,Ophcf2|00703,1
GQ602_000704,Ophcf2|00704,3
GQ602_000707,Ophcf2|00707,3
GQ602_000718,Ophcf2|00718,2
GQ602_000723,Ophcf2|00723,1
GQ602_000729,Ophcf2|00729,3
GQ602_000732,Ophcf2|00732,4
GQ602_000734,Ophcf2|00734,3
GQ602_000736,Ophcf2|00736,1
GQ602_000737,Ophcf2|00737,1
GQ602_000740,Ophcf2|00740,4
GQ602_000741,Ophcf2|00741,1
GQ602_000742,Ophcf2|00742,3
GQ602_000745,Ophcf2|00745,1
GQ602_000746,Ophcf2|00746,1
GQ602_000747,Ophcf2|00747,4
GQ602_000750,Ophcf2|00750,3
GQ602_000751,Ophcf2|00751,3
GQ602_000759,Ophcf2|00759,3
GQ602_000761,Ophcf2|00761,1
GQ602_000763,Ophcf2|00763,4
GQ602_000765,Ophcf2|00765,1
GQ602_000768,Ophcf2|00768,2
GQ602_000769,Ophcf2|00769,2
GQ602_000773,Ophcf2|00773,1
GQ602_000775,Ophcf2|00775,1
GQ602_000779,Ophcf2|00779,1
GQ602_000785,Ophcf2|00785,1
GQ602_000791,Ophcf2|00791,1
GQ602_000794,Ophcf2|00794,2
GQ602_000797,Ophcf2|00797,1
GQ602_000800,Ophcf2|00800,2
GQ602_000806,Ophcf2|00806,3
GQ602_000808,Ophcf2|00808,1
GQ602_000809,Ophcf2|00809,1
GQ602_000811,Ophcf2|00811,3
GQ602_000816,Ophcf2|00816,3
GQ602_000817,Ophcf2|00817,4
GQ602_000820,Ophcf2|00820,4
GQ602_000821,Ophcf2|00821,4
GQ602_000824,Ophcf2|00824,4
GQ602_000825,Ophcf2|00825,2
GQ602_000827,Ophcf2|00827,4
GQ602_000831,Ophcf2|00831,4
GQ602_000834,Ophcf2|00834,4
GQ602_000836,Ophcf2|00836,1
GQ602_000841,Ophcf2|00841,1
GQ602_000846,Ophcf2|00846,2
GQ602_000847,Ophcf2|00847,1
GQ602_000848,Ophcf2|00848,1
GQ602_000850,Ophcf2|00850,1
GQ602_000852,Ophcf2|00852,1
GQ602_000861,Ophcf2|00861,4
GQ602_000862,Ophcf2|00862,2
GQ602_000863,Ophcf2|00863,2
GQ602_000866,Ophcf2|00866,2
GQ602_000867,Ophcf2|00867,2
GQ602_000868,Ophcf2|00868,3
GQ602_000870,Ophcf2|00870,1
GQ602_000875,Ophcf2|00875,4
GQ602_000878,Ophcf2|00878,3
GQ602_000879,Ophcf2|00879,3
GQ602_000883,Ophcf2|00883,1
GQ602_000885,Ophcf2|00885,1
GQ602_000887,Ophcf2|00887,4
GQ602_000888,Ophcf2|00888,1
GQ602_000890,Ophcf2|00890,1
GQ602_000891,Ophcf2|00891,1
GQ602_000892,Ophcf2|00892,2
GQ602_000901,Ophcf2|00901,3
GQ602_000904,Ophcf2|00904,1
GQ602_000906,Ophcf2|00906,1
GQ602_000907,Ophcf2|00907,1
GQ602_000908,Ophcf2|00908,1
GQ602_000911,Ophcf2|00911,4
GQ602_000914,Ophcf2|00914,2
GQ602_000915,Ophcf2|00915,2
GQ602_000916,Ophcf2|00916,1
GQ602_000917,Ophcf2|00917,1
GQ602_000921,Ophcf2|00921,2
GQ602_000922,Ophcf2|00922,1
GQ602_000923,Ophcf2|00923,1
GQ602_000925,Ophcf2|00925,4
GQ602_000927,Ophcf2|00927,1
GQ602_000928,Ophcf2|00928,2
GQ602_000931,Ophcf2|00931,2
GQ602_000932,Ophcf2|00932,2
GQ602_000934,Ophcf2|00934,4
GQ602_000936,Ophcf2|00936,1
GQ602_000937,Ophcf2|00937,4
GQ602_000938,Ophcf2|00938,2
GQ602_000939,Ophcf2|00939,2
GQ602_000946,Ophcf2|00946,1
GQ602_000948,Ophcf2|00948,1
GQ602_000951,Ophcf2|00951,3
GQ602_000955,Ophcf2|00955,1
GQ602_000956,Ophcf2|00956,4
GQ602_000958,Ophcf2|00958,3
GQ602_000959,Ophcf2|00959,1
GQ602_000962,Ophcf2|00962,1
GQ602_000964,Ophcf2|00964,1
GQ602_000965,Ophcf2|00965,2
GQ602_000980,Ophcf2|00980,3
GQ602_000983,Ophcf2|00983,1
GQ602_000984,Ophcf2|00984,4
GQ602_000985,Ophcf2|00985,1
GQ602_000987,Ophcf2|00987,1
GQ602_000994,Ophcf2|00994,4
GQ602_000996,Ophcf2|00996,4
GQ602_001006,Ophcf2|01006,4
GQ602_001016,Ophcf2|01016,1
GQ602_001017,Ophcf2|01017,1
GQ602_001019,Ophcf2|01019,1
GQ602_001020,Ophcf2|01020,4
GQ602_001022,Ophcf2|01022,2
GQ602_001023,Ophcf2|01023,4
GQ602_001029,Ophcf2|01029,1
GQ602_001033,Ophcf2|01033,1
GQ602_001034,Ophcf2|01034,1
GQ602_001040,Ophcf2|01040,1
GQ602_001043,Ophcf2|01043,4
GQ602_001044,Ophcf2|01044,2
GQ602_001047,Ophcf2|01047,1
GQ602_001059,Ophcf2|01059,1
GQ602_001060,Ophcf2|01060,1
GQ602_001067,Ophcf2|01067,3
GQ602_001068,Ophcf2|01068,3
GQ602_001080,Ophcf2|01080,4
GQ602_001084,Ophcf2|01084,2
GQ602_001085,Ophcf2|01085,2
GQ602_001087,Ophcf2|01087,2
GQ602_001091,Ophcf2|01091,2
GQ602_001093,Ophcf2|01093,2
GQ602_001095,Ophcf2|01095,4
GQ602_001100,Ophcf2|01100,4
GQ602_001101,Ophcf2|01101,4
GQ602_001102,Ophcf2|01102,4
GQ602_001103,Ophcf2|01103,1
GQ602_001104,Ophcf2|01104,4
GQ602_001109,Ophcf2|01109,1
GQ602_001110,Ophcf2|01110,1
GQ602_001112,Ophcf2|01112,4
GQ602_001113,Ophcf2|01113,4
GQ602_001116,Ophcf2|01116,1
GQ602_001117,Ophcf2|01117,2
GQ602_001119,Ophcf2|01119,1
GQ602_001120,Ophcf2|01120,1
GQ602_001122,Ophcf2|01122,1
GQ602_001128,Ophcf2|01128,2
GQ602_001137,Ophcf2|01137,1
GQ602_001138,Ophcf2|01138,2
GQ602_001143,Ophcf2|01143,1
GQ602_001144,Ophcf2|01144,4
GQ602_001146,Ophcf2|01146,2
GQ602_001147,Ophcf2|01147,2
GQ602_001149,Ophcf2|01149,4
GQ602_001156,Ophcf2|01156,2
GQ602_001160,Ophcf2|01160,1
GQ602_001162,Ophcf2|01162,1
GQ602_001163,Ophcf2|01163,1
GQ602_001165,Ophcf2|01165,4
GQ602_001166,Ophcf2|01166,1
GQ602_001170,Ophcf2|01170,1
GQ602_001172,Ophcf2|01172,1
GQ602_001173,Ophcf2|01173,1
GQ602_001181,Ophcf2|01181,3
GQ602_001186,Ophcf2|01186,3
GQ602_001187,Ophcf2|01187,3
GQ602_001191,Ophcf2|01191,1
GQ602_001193,Ophcf2|01193,1
GQ602_001204,Ophcf2|01204,4
GQ602_001209,Ophcf2|01209,4
GQ602_001211,Ophcf2|01211,3
GQ602_001217,Ophcf2|01217,2
GQ602_001223,Ophcf2|01223,2
GQ602_001226,Ophcf2|01226,4
GQ602_001234,Ophcf2|01234,4
GQ602_001237,Ophcf2|01237,3
GQ602_001240,Ophcf2|01240,1
GQ602_001247,Ophcf2|01247,1
GQ602_001258,Ophcf2|01258,4
GQ602_001262,Ophcf2|01262,1
GQ602_001265,Ophcf2|01265,4
GQ602_001267,Ophcf2|01267,2
GQ602_001275,Ophcf2|01275,1
GQ602_001279,Ophcf2|01279,4
GQ602_001280,Ophcf2|01280,4
GQ602_001281,Ophcf2|01281,1
GQ602_001285,Ophcf2|01285,1
GQ602_001286,Ophcf2|01286,1
GQ602_001291,Ophcf2|01291,1
GQ602_001303,Ophcf2|01303,1
GQ602_001305,Ophcf2|01305,1
GQ602_001315,Ophcf2|01315,4
GQ602_001317,Ophcf2|01317,1
GQ602_001323,Ophcf2|01323,4
GQ602_001324,Ophcf2|01324,3
GQ602_001325,Ophcf2|01325,1
GQ602_001326,Ophcf2|01326,2
GQ602_001333,Ophcf2|01333,1
GQ602_001334,Ophcf2|01334,1
GQ602_001337,Ophcf2|01337,1
GQ602_001339,Ophcf2|01339,2
GQ602_001343,Ophcf2|01343,1
GQ602_001344,Ophcf2|01344,4
GQ602_001345,Ophcf2|01345,4
GQ602_001348,Ophcf2|01348,1
GQ602_001350,Ophcf2|01350,3
GQ602_001351,Ophcf2|01351,1
GQ602_001355,Ophcf2|01355,3
GQ602_001356,Ophcf2|01356,1
GQ602_001362,Ophcf2|01362,1
GQ602_001372,Ophcf2|01372,4
GQ602_001375,Ophcf2|01375,3
GQ602_001376,Ophcf2|01376,3
GQ602_001377,Ophcf2|01377,1
GQ602_001380,Ophcf2|01380,4
GQ602_001384,Ophcf2|01384,3
GQ602_001390,Ophcf2|01390,3
GQ602_001393,Ophcf2|01393,1
GQ602_001397,Ophcf2|01397,2
GQ602_001398,Ophcf2|01398,1
GQ602_001420,Ophcf2|01420,2
GQ602_001430,Ophcf2|01430,2
GQ602_001444,Ophcf2|01444,1
GQ602_001447,Ophcf2|01447,1
GQ602_001448,Ophcf2|01448,3
GQ602_001451,Ophcf2|01451,3
GQ602_001454,Ophcf2|01454,1
GQ602_001455,Ophcf2|01455,3
GQ602_001456,Ophcf2|01456,4
GQ602_001459,Ophcf2|01459,1
GQ602_001460,Ophcf2|01460,3
GQ602_001463,Ophcf2|01463,4
GQ602_001464,Ophcf2|01464,2
GQ602_001465,Ophcf2|01465,4
GQ602_001471,Ophcf2|01471,3
GQ602_001472,Ophcf2|01472,3
GQ602_001473,Ophcf2|01473,2
GQ602_001476,Ophcf2|01476,2
GQ602_001479,Ophcf2|01479,4
GQ602_001480,Ophcf2|01480,4
GQ602_001481,Ophcf2|01481,4
GQ602_001484,Ophcf2|01484,3
GQ602_001489,Ophcf2|01489,1
GQ602_001493,Ophcf2|01493,1
GQ602_001496,Ophcf2|01496,2
GQ602_001499,Ophcf2|01499,3
GQ602_001501,Ophcf2|01501,2
GQ602_001508,Ophcf2|01508,4
GQ602_001511,Ophcf2|01511,2
GQ602_001513,Ophcf2|01513,1
GQ602_001517,Ophcf2|01517,3
GQ602_001520,Ophcf2|01520,1
GQ602_001522,Ophcf2|01522,3
GQ602_001528,Ophcf2|01528,3
GQ602_001530,Ophcf2|01530,4
GQ602_001531,Ophcf2|01531,3
GQ602_001535,Ophcf2|01535,1
GQ602_001540,Ophcf2|01540,3
GQ602_001541,Ophcf2|01541,2
GQ602_001554,Ophcf2|01554,2
GQ602_001558,Ophcf2|01558,2
GQ602_001561,Ophcf2|01561,1
GQ602_001565,Ophcf2|01565,3
GQ602_001571,Ophcf2|01571,1
GQ602_001572,Ophcf2|01572,1
GQ602_001574,Ophcf2|01574,1
GQ602_001577,Ophcf2|01577,4
GQ602_001581,Ophcf2|01581,4
GQ602_001582,Ophcf2|01582,4
GQ602_001585,Ophcf2|01585,1
GQ602_001586,Ophcf2|01586,1
GQ602_001587,Ophcf2|01587,1
GQ602_001588,Ophcf2|01588,3
GQ602_001589,Ophcf2|01589,1
GQ602_001590,Ophcf2|01590,2
GQ602_001593,Ophcf2|01593,1
GQ602_001594,Ophcf2|01594,4
GQ602_001599,Ophcf2|01599,3
GQ602_001608,Ophcf2|01608,1
GQ602_001613,Ophcf2|01613,4
GQ602_001615,Ophcf2|01615,3
GQ602_001616,Ophcf2|01616,3
GQ602_001617,Ophcf2|01617,4
GQ602_001618,Ophcf2|01618,3
GQ602_001620,Ophcf2|01620,1
GQ602_001622,Ophcf2|01622,4
GQ602_001625,Ophcf2|01625,2
GQ602_001628,Ophcf2|01628,3
GQ602_001630,Ophcf2|01630,2
GQ602_001631,Ophcf2|01631,4
GQ602_001636,Ophcf2|01636,1
GQ602_001640,Ophcf2|01640,3
GQ602_001642,Ophcf2|01642,2
GQ602_001644,Ophcf2|01644,3
GQ602_001647,Ophcf2|01647,1
GQ602_001649,Ophcf2|01649,2
GQ602_001653,Ophcf2|01653,4
GQ602_001658,Ophcf2|01658,2
GQ602_001661,Ophcf2|01661,3
GQ602_001663,Ophcf2|01663,2
GQ602_001664,Ophcf2|01664,2
GQ602_001669,Ophcf2|01669,2
GQ602_001676,Ophcf2|01676,1
GQ602_001677,Ophcf2|01677,4
GQ602_001681,Ophcf2|01681,4
GQ602_001684,Ophcf2|01684,1
GQ602_001689,Ophcf2|01689,3
GQ602_001690,Ophcf2|01690,4
GQ602_001693,Ophcf2|01693,2
GQ602_001694,Ophcf2|01694,2
GQ602_001696,Ophcf2|01696,4
GQ602_001699,Ophcf2|01699,2
GQ602_001701,Ophcf2|01701,4
GQ602_001706,Ophcf2|01706,4
GQ602_001707,Ophcf2|01707,1
GQ602_001709,Ophcf2|01709,1
GQ602_001710,Ophcf2|01710,4
GQ602_001713,Ophcf2|01713,1
GQ602_001717,Ophcf2|01717,2
GQ602_001719,Ophcf2|01719,2
GQ602_001728,Ophcf2|01728,2
GQ602_001729,Ophcf2|01729,2
GQ602_001732,Ophcf2|01732,1
GQ602_001733,Ophcf2|01733,1
GQ602_001737,Ophcf2|01737,3
GQ602_001738,Ophcf2|01738,1
GQ602_001741,Ophcf2|01741,4
GQ602_001742,Ophcf2|01742,4
GQ602_001744,Ophcf2|01744,1
GQ602_001748,Ophcf2|01748,1
GQ602_001749,Ophcf2|01749,1
GQ602_001750,Ophcf2|01750,1
GQ602_001753,Ophcf2|01753,1
GQ602_001755,Ophcf2|01755,4
GQ602_001756,Ophcf2|01756,1
GQ602_001764,Ophcf2|01764,4
GQ602_001773,Ophcf2|01773,1
GQ602_001775,Ophcf2|01775,1
GQ602_001776,Ophcf2|01776,4
GQ602_001777,Ophcf2|01777,4
GQ602_001778,Ophcf2|01778,1
GQ602_001779,Ophcf2|01779,3
GQ602_001785,Ophcf2|01785,1
GQ602_001787,Ophcf2|01787,4
GQ602_001788,Ophcf2|01788,1
GQ602_001789,Ophcf2|01789,4
GQ602_001790,Ophcf2|01790,1
GQ602_001797,Ophcf2|01797,4
GQ602_001798,Ophcf2|01798,1
GQ602_001800,Ophcf2|01800,3
GQ602_001801,Ophcf2|01801,3
GQ602_001804,Ophcf2|01804,2
GQ602_001805,Ophcf2|01805,3
GQ602_001806,Ophcf2|01806,1
GQ602_001808,Ophcf2|01808,4
GQ602_001809,Ophcf2|01809,4
GQ602_001810,Ophcf2|01810,2
GQ602_001815,Ophcf2|01815,2
GQ602_001817,Ophcf2|01817,4
GQ602_001818,Ophcf2|01818,4
GQ602_001821,Ophcf2|01821,4
GQ602_001825,Ophcf2|01825,1
GQ602_001827,Ophcf2|01827,1
GQ602_001828,Ophcf2|01828,1
GQ602_001829,Ophcf2|01829,3
GQ602_001830,Ophcf2|01830,4
GQ602_001837,Ophcf2|01837,2
GQ602_001838,Ophcf2|01838,1
GQ602_001839,Ophcf2|01839,2
GQ602_001841,Ophcf2|01841,1
GQ602_001843,Ophcf2|01843,4
GQ602_001845,Ophcf2|01845,3
GQ602_001849,Ophcf2|01849,1
GQ602_001855,Ophcf2|01855,4
GQ602_001856,Ophcf2|01856,1
GQ602_001857,Ophcf2|01857,3
GQ602_001858,Ophcf2|01858,3
GQ602_001859,Ophcf2|01859,4
GQ602_001861,Ophcf2|01861,2
GQ602_001865,Ophcf2|01865,4
GQ602_001868,Ophcf2|01868,4
GQ602_001878,Ophcf2|01878,1
GQ602_001885,Ophcf2|01885,3
GQ602_001886,Ophcf2|01886,4
GQ602_001887,Ophcf2|01887,4
GQ602_001889,Ophcf2|01889,3
GQ602_001891,Ophcf2|01891,2
GQ602_001892,Ophcf2|01892,1
GQ602_001894,Ophcf2|01894,1
GQ602_001895,Ophcf2|01895,4
GQ602_001899,Ophcf2|01899,2
GQ602_001902,Ophcf2|01902,1
GQ602_001903,Ophcf2|01903,1
GQ602_001913,Ophcf2|01913,1
GQ602_001915,Ophcf2|01915,1
GQ602_001916,Ophcf2|01916,1
GQ602_001918,Ophcf2|01918,4
GQ602_001919,Ophcf2|01919,4
GQ602_001921,Ophcf2|01921,4
GQ602_001925,Ophcf2|01925,2
GQ602_001930,Ophcf2|01930,2
GQ602_001931,Ophcf2|01931,1
GQ602_001932,Ophcf2|01932,1
GQ602_001934,Ophcf2|01934,2
GQ602_001941,Ophcf2|01941,4
GQ602_001942,Ophcf2|01942,3
GQ602_001943,Ophcf2|01943,3
GQ602_001948,Ophcf2|01948,1
GQ602_001951,Ophcf2|01951,1
GQ602_001954,Ophcf2|01954,2
GQ602_001961,Ophcf2|01961,3
GQ602_001964,Ophcf2|01964,1
GQ602_001969,Ophcf2|01969,2
GQ602_001970,Ophcf2|01970,2
GQ602_001976,Ophcf2|01976,1
GQ602_001978,Ophcf2|01978,3
GQ602_001983,Ophcf2|01983,4
GQ602_001988,Ophcf2|01988,3
GQ602_001992,Ophcf2|01992,4
GQ602_001993,Ophcf2|01993,4
GQ602_001994,Ophcf2|01994,4
GQ602_001996,Ophcf2|01996,1
GQ602_001997,Ophcf2|01997,1
GQ602_002001,Ophcf2|02001,4
GQ602_002002,Ophcf2|02002,4
GQ602_002010,Ophcf2|02010,1
GQ602_002012,Ophcf2|02012,1
GQ602_002013,Ophcf2|02013,1
GQ602_002018,Ophcf2|02018,4
GQ602_002019,Ophcf2|02019,4
GQ602_002020,Ophcf2|02020,2
GQ602_002021,Ophcf2|02021,1
GQ602_002025,Ophcf2|02025,1
GQ602_002028,Ophcf2|02028,2
GQ602_002030,Ophcf2|02030,4
GQ602_002033,Ophcf2|02033,1
GQ602_002034,Ophcf2|02034,2
GQ602_002036,Ophcf2|02036,4
GQ602_002040,Ophcf2|02040,2
GQ602_002045,Ophcf2|02045,1
GQ602_002046,Ophcf2|02046,2
GQ602_002048,Ophcf2|02048,1
GQ602_002085,Ophcf2|02085,3
GQ602_002086,Ophcf2|02086,3
GQ602_002090,Ophcf2|02090,4
GQ602_002095,Ophcf2|02095,2
GQ602_002096,Ophcf2|02096,2
GQ602_002099,Ophcf2|02099,1
GQ602_002106,Ophcf2|02106,4
GQ602_002109,Ophcf2|02109,1
GQ602_002113,Ophcf2|02113,3
GQ602_002114,Ophcf2|02114,3
GQ602_002120,Ophcf2|02120,1
GQ602_002121,Ophcf2|02121,1
GQ602_002123,Ophcf2|02123,2
GQ602_002130,Ophcf2|02130,3
GQ602_002132,Ophcf2|02132,3
GQ602_002135,Ophcf2|02135,4
GQ602_002138,Ophcf2|02138,2
GQ602_002146,Ophcf2|02146,4
GQ602_002147,Ophcf2|02147,4
GQ602_002148,Ophcf2|02148,4
GQ602_002149,Ophcf2|02149,2
GQ602_002150,Ophcf2|02150,2
GQ602_002152,Ophcf2|02152,3
GQ602_002154,Ophcf2|02154,3
GQ602_002158,Ophcf2|02158,1
GQ602_002162,Ophcf2|02162,1
GQ602_002167,Ophcf2|02167,1
GQ602_002171,Ophcf2|02171,2
GQ602_002173,Ophcf2|02173,3
GQ602_002174,Ophcf2|02174,1
GQ602_002178,Ophcf2|02178,2
GQ602_002179,Ophcf2|02179,4
GQ602_002180,Ophcf2|02180,4
GQ602_002185,Ophcf2|02185,1
GQ602_002190,Ophcf2|02190,1
GQ602_002199,Ophcf2|02199,3
GQ602_002201,Ophcf2|02201,3
GQ602_002202,Ophcf2|02202,1
GQ602_002203,Ophcf2|02203,3
GQ602_002206,Ophcf2|02206,4
GQ602_002209,Ophcf2|02209,1
GQ602_002213,Ophcf2|02213,1
GQ602_002216,Ophcf2|02216,1
GQ602_002217,Ophcf2|02217,1
GQ602_002224,Ophcf2|02224,4
GQ602_002229,Ophcf2|02229,1
GQ602_002230,Ophcf2|02230,4
GQ602_002231,Ophcf2|02231,1
GQ602_002234,Ophcf2|02234,1
GQ602_002236,Ophcf2|02236,4
GQ602_002237,Ophcf2|02237,1
GQ602_002245,Ophcf2|02245,1
GQ602_002247,Ophcf2|02247,4
GQ602_002250,Ophcf2|02250,3
GQ602_002252,Ophcf2|02252,1
GQ602_002260,Ophcf2|02260,1
GQ602_002262,Ophcf2|02262,4
GQ602_002263,Ophcf2|02263,1
GQ602_002265,Ophcf2|02265,1
GQ602_002268,Ophcf2|02268,4
GQ602_002269,Ophcf2|02269,4
GQ602_002270,Ophcf2|02270,4
GQ602_002273,Ophcf2|02273,1
GQ602_002277,Ophcf2|02277,4
GQ602_002278,Ophcf2|02278,4
GQ602_002283,Ophcf2|02283,1
GQ602_002284,Ophcf2|02284,1
GQ602_002287,Ophcf2|02287,3
GQ602_002289,Ophcf2|02289,1
GQ602_002294,Ophcf2|02294,1
GQ602_002296,Ophcf2|02296,1
GQ602_002297,Ophcf2|02297,2
GQ602_002299,Ophcf2|02299,1
GQ602_002304,Ophcf2|02304,3
GQ602_002311,Ophcf2|02311,2
GQ602_002314,Ophcf2|02314,2
GQ602_002315,Ophcf2|02315,4
GQ602_002316,Ophcf2|02316,4
GQ602_002320,Ophcf2|02320,4
GQ602_002322,Ophcf2|02322,3
GQ602_002324,Ophcf2|02324,3
GQ602_002334,Ophcf2|02334,3
GQ602_002344,Ophcf2|02344,2
GQ602_002345,Ophcf2|02345,2
GQ602_002346,Ophcf2|02346,2
GQ602_002347,Ophcf2|02347,2
GQ602_002351,Ophcf2|02351,2
GQ602_002354,Ophcf2|02354,1
GQ602_002358,Ophcf2|02358,3
GQ602_002360,Ophcf2|02360,4
GQ602_002373,Ophcf2|02373,1
GQ602_002374,Ophcf2|02374,1
GQ602_002378,Ophcf2|02378,1
GQ602_002385,Ophcf2|02385,2
GQ602_002393,Ophcf2|02393,1
GQ602_002396,Ophcf2|02396,3
GQ602_002406,Ophcf2|02406,4
GQ602_002408,Ophcf2|02408,4
GQ602_002410,Ophcf2|02410,2
GQ602_002411,Ophcf2|02411,1
GQ602_002431,Ophcf2|02431,1
GQ602_002436,Ophcf2|02436,1
GQ602_002437,Ophcf2|02437,1
GQ602_002440,Ophcf2|02440,1
GQ602_002441,Ophcf2|02441,2
GQ602_002442,Ophcf2|02442,4
GQ602_002443,Ophcf2|02443,1
GQ602_002446,Ophcf2|02446,4
GQ602_002447,Ophcf2|02447,2
GQ602_002451,Ophcf2|02451,1
GQ602_002459,Ophcf2|02459,1
GQ602_002461,Ophcf2|02461,3
GQ602_002462,Ophcf2|02462,3
GQ602_002465,Ophcf2|02465,2
GQ602_002474,Ophcf2|02474,2
GQ602_002475,Ophcf2|02475,1
GQ602_002476,Ophcf2|02476,1
GQ602_002478,Ophcf2|02478,4
GQ602_002483,Ophcf2|02483,3
GQ602_002485,Ophcf2|02485,4
GQ602_002486,Ophcf2|02486,4
GQ602_002488,Ophcf2|02488,4
GQ602_002492,Ophcf2|02492,1
GQ602_002504,Ophcf2|02504,1
GQ602_002509,Ophcf2|02509,2
GQ602_002514,Ophcf2|02514,4
GQ602_002519,Ophcf2|02519,4
GQ602_002521,Ophcf2|02521,1
GQ602_002522,Ophcf2|02522,1
GQ602_002523,Ophcf2|02523,1
GQ602_002524,Ophcf2|02524,2
GQ602_002531,Ophcf2|02531,3
GQ602_002533,Ophcf2|02533,2
GQ602_002535,Ophcf2|02535,4
GQ602_002544,Ophcf2|02544,2
GQ602_002545,Ophcf2|02545,2
GQ602_002549,Ophcf2|02549,2
GQ602_002552,Ophcf2|02552,3
GQ602_002563,Ophcf2|02563,2
GQ602_002564,Ophcf2|02564,1
GQ602_002567,Ophcf2|02567,3
GQ602_002571,Ophcf2|02571,1
GQ602_002573,Ophcf2|02573,1
GQ602_002574,Ophcf2|02574,4
GQ602_002575,Ophcf2|02575,2
GQ602_002576,Ophcf2|02576,4
GQ602_002577,Ophcf2|02577,1
GQ602_002582,Ophcf2|02582,1
GQ602_002584,Ophcf2|02584,4
GQ602_002589,Ophcf2|02589,4
GQ602_002605,Ophcf2|02605,4
GQ602_002606,Ophcf2|02606,1
GQ602_002610,Ophcf2|02610,1
GQ602_002616,Ophcf2|02616,1
GQ602_002620,Ophcf2|02620,1
GQ602_002621,Ophcf2|02621,4
GQ602_002626,Ophcf2|02626,4
GQ602_002628,Ophcf2|02628,2
GQ602_002636,Ophcf2|02636,1
GQ602_002639,Ophcf2|02639,1
GQ602_002641,Ophcf2|02641,1
GQ602_002642,Ophcf2|02642,1
GQ602_002646,Ophcf2|02646,1
GQ602_002650,Ophcf2|02650,4
GQ602_002651,Ophcf2|02651,3
GQ602_002652,Ophcf2|02652,3
GQ602_002659,Ophcf2|02659,3
GQ602_002664,Ophcf2|02664,1
GQ602_002668,Ophcf2|02668,1
GQ602_002674,Ophcf2|02674,1
GQ602_002679,Ophcf2|02679,4
GQ602_002681,Ophcf2|02681,2
GQ602_002682,Ophcf2|02682,2
GQ602_002683,Ophcf2|02683,1
GQ602_002684,Ophcf2|02684,1
GQ602_002686,Ophcf2|02686,2
GQ602_002694,Ophcf2|02694,1
GQ602_002696,Ophcf2|02696,4
GQ602_002697,Ophcf2|02697,2
GQ602_002698,Ophcf2|02698,4
GQ602_002700,Ophcf2|02700,3
GQ602_002705,Ophcf2|02705,1
GQ602_002707,Ophcf2|02707,1
GQ602_002714,Ophcf2|02714,2
GQ602_002716,Ophcf2|02716,4
GQ602_002717,Ophcf2|02717,1
GQ602_002725,Ophcf2|02725,1
GQ602_002731,Ophcf2|02731,2
GQ602_002732,Ophcf2|02732,1
GQ602_002735,Ophcf2|02735,2
GQ602_002738,Ophcf2|02738,4
GQ602_002742,Ophcf2|02742,3
GQ602_002751,Ophcf2|02751,1
GQ602_002754,Ophcf2|02754,3
GQ602_002758,Ophcf2|02758,1
GQ602_002759,Ophcf2|02759,1
GQ602_002760,Ophcf2|02760,2
GQ602_002761,Ophcf2|02761,1
GQ602_002764,Ophcf2|02764,4
GQ602_002770,Ophcf2|02770,4
GQ602_002775,Ophcf2|02775,3
GQ602_002776,Ophcf2|02776,1
GQ602_002777,Ophcf2|02777,1
GQ602_002778,Ophcf2|02778,2
GQ602_002779,Ophcf2|02779,2
GQ602_002788,Ophcf2|02788,3
GQ602_002789,Ophcf2|02789,2
GQ602_002790,Ophcf2|02790,2
GQ602_002794,Ophcf2|02794,1
GQ602_002803,Ophcf2|02803,3
GQ602_002807,Ophcf2|02807,3
GQ602_002810,Ophcf2|02810,1
GQ602_002818,Ophcf2|02818,1
GQ602_002822,Ophcf2|02822,2
GQ602_002825,Ophcf2|02825,3
GQ602_002830,Ophcf2|02830,4
GQ602_002831,Ophcf2|02831,4
GQ602_002841,Ophcf2|02841,4
GQ602_002842,Ophcf2|02842,1
GQ602_002845,Ophcf2|02845,4
GQ602_002847,Ophcf2|02847,4
GQ602_002848,Ophcf2|02848,4
GQ602_002850,Ophcf2|02850,1
GQ602_002851,Ophcf2|02851,1
GQ602_002855,Ophcf2|02855,1
GQ602_002856,Ophcf2|02856,2
GQ602_002858,Ophcf2|02858,3
GQ602_002860,Ophcf2|02860,2
GQ602_002861,Ophcf2|02861,1
GQ602_002868,Ophcf2|02868,2
GQ602_002869,Ophcf2|02869,1
GQ602_002870,Ophcf2|02870,1
GQ602_002873,Ophcf2|02873,4
GQ602_002874,Ophcf2|02874,3
GQ602_002882,Ophcf2|02882,4
GQ602_002883,Ophcf2|02883,1
GQ602_002891,Ophcf2|02891,3
GQ602_002893,Ophcf2|02893,3
GQ602_002897,Ophcf2|02897,3
GQ602_002899,Ophcf2|02899,4
GQ602_002905,Ophcf2|02905,3
GQ602_002906,Ophcf2|02906,1
GQ602_002911,Ophcf2|02911,3
GQ602_002913,Ophcf2|02913,3
GQ602_002916,Ophcf2|02916,2
GQ602_002917,Ophcf2|02917,3
GQ602_002918,Ophcf2|02918,1
GQ602_002920,Ophcf2|02920,2
GQ602_002924,Ophcf2|02924,2
GQ602_002928,Ophcf2|02928,2
GQ602_002930,Ophcf2|02930,1
GQ602_002931,Ophcf2|02931,2
GQ602_002939,Ophcf2|02939,2
GQ602_002940,Ophcf2|02940,1
GQ602_002946,Ophcf2|02946,1
GQ602_002954,Ophcf2|02954,2
GQ602_002955,Ophcf2|02955,2
GQ602_002956,Ophcf2|02956,3
GQ602_002967,Ophcf2|02967,4
GQ602_002968,Ophcf2|02968,2
GQ602_002970,Ophcf2|02970,1
GQ602_002971,Ophcf2|02971,1
GQ602_002973,Ophcf2|02973,1
GQ602_002974,Ophcf2|02974,4
GQ602_002977,Ophcf2|02977,1
GQ602_002978,Ophcf2|02978,1
GQ602_002981,Ophcf2|02981,2
GQ602_002983,Ophcf2|02983,3
GQ602_002984,Ophcf2|02984,2
GQ602_002986,Ophcf2|02986,1
GQ602_002996,Ophcf2|02996,1
GQ602_002999,Ophcf2|02999,4
GQ602_003000,Ophcf2|03000,4
GQ602_003001,Ophcf2|03001,1
GQ602_003002,Ophcf2|03002,2
GQ602_003005,Ophcf2|03005,4
GQ602_003015,Ophcf2|03015,3
GQ602_003020,Ophcf2|03020,2
GQ602_003035,Ophcf2|03035,4
GQ602_003042,Ophcf2|03042,3
GQ602_003051,Ophcf2|03051,2
GQ602_003058,Ophcf2|03058,3
GQ602_003060,Ophcf2|03060,2
GQ602_003063,Ophcf2|03063,4
GQ602_003072,Ophcf2|03072,2
GQ602_003074,Ophcf2|03074,1
GQ602_003076,Ophcf2|03076,3
GQ602_003077,Ophcf2|03077,1
GQ602_003091,Ophcf2|03091,1
GQ602_003096,Ophcf2|03096,1
GQ602_003097,Ophcf2|03097,1
GQ602_003098,Ophcf2|03098,1
GQ602_003099,Ophcf2|03099,1
GQ602_003100,Ophcf2|03100,1
GQ602_003101,Ophcf2|03101,2
GQ602_003106,Ophcf2|03106,2
GQ602_003110,Ophcf2|03110,4
GQ602_003111,Ophcf2|03111,4
GQ602_003112,Ophcf2|03112,3
GQ602_003114,Ophcf2|03114,2
GQ602_003120,Ophcf2|03120,4
GQ602_003125,Ophcf2|03125,4
GQ602_003128,Ophcf2|03128,2
GQ602_003132,Ophcf2|03132,1
GQ602_003133,Ophcf2|03133,4
GQ602_003135,Ophcf2|03135,1
GQ602_003139,Ophcf2|03139,2
GQ602_003140,Ophcf2|03140,2
GQ602_003148,Ophcf2|03148,3
GQ602_003150,Ophcf2|03150,1
GQ602_003153,Ophcf2|03153,1
GQ602_003157,Ophcf2|03157,2
GQ602_003158,Ophcf2|03158,2
GQ602_003159,Ophcf2|03159,2
GQ602_003167,Ophcf2|03167,2
GQ602_003171,Ophcf2|03171,3
GQ602_003172,Ophcf2|03172,4
GQ602_003173,Ophcf2|03173,3
GQ602_003179,Ophcf2|03179,2
GQ602_003186,Ophcf2|03186,2
GQ602_003191,Ophcf2|03191,4
GQ602_003199,Ophcf2|03199,1
GQ602_003200,Ophcf2|03200,1
GQ602_003204,Ophcf2|03204,2
GQ602_003207,Ophcf2|03207,1
GQ602_003211,Ophcf2|03211,3
GQ602_003225,Ophcf2|03225,1
GQ602_003227,Ophcf2|03227,1
GQ602_003228,Ophcf2|03228,2
GQ602_003229,Ophcf2|03229,1
GQ602_003230,Ophcf2|03230,1
GQ602_003236,Ophcf2|03236,2
GQ602_003237,Ophcf2|03237,4
GQ602_003238,Ophcf2|03238,2
GQ602_003242,Ophcf2|03242,1
GQ602_003243,Ophcf2|03243,1
GQ602_003245,Ophcf2|03245,4
GQ602_003253,Ophcf2|03253,1
GQ602_003254,Ophcf2|03254,1
GQ602_003256,Ophcf2|03256,4
GQ602_003257,Ophcf2|03257,4
GQ602_003263,Ophcf2|03263,3
GQ602_003266,Ophcf2|03266,1
GQ602_003271,Ophcf2|03271,1
GQ602_003276,Ophcf2|03276,1
GQ602_003277,Ophcf2|03277,1
GQ602_003285,Ophcf2|03285,4
GQ602_003290,Ophcf2|03290,4
GQ602_003293,Ophcf2|03293,1
GQ602_003296,Ophcf2|03296,4
GQ602_003302,Ophcf2|03302,1
GQ602_003303,Ophcf2|03303,1
GQ602_003306,Ophcf2|03306,1
GQ602_003308,Ophcf2|03308,1
GQ602_003310,Ophcf2|03310,2
GQ602_003314,Ophcf2|03314,2
GQ602_003315,Ophcf2|03315,2
GQ602_003319,Ophcf2|03319,3
GQ602_003321,Ophcf2|03321,4
GQ602_003323,Ophcf2|03323,4
GQ602_003324,Ophcf2|03324,4
GQ602_003325,Ophcf2|03325,4
GQ602_003330,Ophcf2|03330,1
GQ602_003333,Ophcf2|03333,4
GQ602_003334,Ophcf2|03334,4
GQ602_003340,Ophcf2|03340,1
GQ602_003342,Ophcf2|03342,1
GQ602_003345,Ophcf2|03345,4
GQ602_003353,Ophcf2|03353,4
GQ602_003354,Ophcf2|03354,1
GQ602_003355,Ophcf2|03355,1
GQ602_003356,Ophcf2|03356,1
GQ602_003359,Ophcf2|03359,4
GQ602_003362,Ophcf2|03362,3
GQ602_003366,Ophcf2|03366,4
GQ602_003367,Ophcf2|03367,1
GQ602_003375,Ophcf2|03375,3
GQ602_003376,Ophcf2|03376,1
GQ602_003377,Ophcf2|03377,1
GQ602_003383,Ophcf2|03383,1
GQ602_003384,Ophcf2|03384,2
GQ602_003387,Ophcf2|03387,4
GQ602_003389,Ophcf2|03389,2
GQ602_003394,Ophcf2|03394,4
GQ602_003395,Ophcf2|03395,1
GQ602_003396,Ophcf2|03396,4
GQ602_003397,Ophcf2|03397,1
GQ602_003398,Ophcf2|03398,4
GQ602_003399,Ophcf2|03399,1
GQ602_003400,Ophcf2|03400,1
GQ602_003401,Ophcf2|03401,4
GQ602_003408,Ophcf2|03408,4
GQ602_003411,Ophcf2|03411,2
GQ602_003414,Ophcf2|03414,1
GQ602_003417,Ophcf2|03417,4
GQ602_003420,Ophcf2|03420,2
GQ602_003423,Ophcf2|03423,2
GQ602_003434,Ophcf2|03434,2
GQ602_003436,Ophcf2|03436,1
GQ602_003437,Ophcf2|03437,3
GQ602_003438,Ophcf2|03438,1
GQ602_003442,Ophcf2|03442,1
GQ602_003443,Ophcf2|03443,2
GQ602_003445,Ophcf2|03445,2
GQ602_003448,Ophcf2|03448,4
GQ602_003451,Ophcf2|03451,3
GQ602_003452,Ophcf2|03452,1
GQ602_003455,Ophcf2|03455,1
GQ602_003466,Ophcf2|03466,1
GQ602_003468,Ophcf2|03468,4
GQ602_003469,Ophcf2|03469,1
GQ602_003470,Ophcf2|03470,4
GQ602_003471,Ophcf2|03471,4
GQ602_003473,Ophcf2|03473,4
GQ602_003477,Ophcf2|03477,4
GQ602_003479,Ophcf2|03479,3
GQ602_003480,Ophcf2|03480,3
GQ602_003481,Ophcf2|03481,3
GQ602_003483,Ophcf2|03483,1
GQ602_003484,Ophcf2|03484,1
GQ602_003493,Ophcf2|03493,4
GQ602_003498,Ophcf2|03498,4
GQ602_003508,Ophcf2|03508,3
GQ602_003513,Ophcf2|03513,1
GQ602_003518,Ophcf2|03518,2
GQ602_003519,Ophcf2|03519,4
GQ602_003523,Ophcf2|03523,4
GQ602_003526,Ophcf2|03526,4
GQ602_003534,Ophcf2|03534,2
GQ602_003536,Ophcf2|03536,2
GQ602_003537,Ophcf2|03537,1
GQ602_003540,Ophcf2|03540,3
GQ602_003544,Ophcf2|03544,4
GQ602_003547,Ophcf2|03547,2
GQ602_003548,Ophcf2|03548,3
GQ602_003552,Ophcf2|03552,1
GQ602_003553,Ophcf2|03553,1
GQ602_003557,Ophcf2|03557,3
GQ602_003562,Ophcf2|03562,3
GQ602_003574,Ophcf2|03574,4
GQ602_003577,Ophcf2|03577,2
GQ602_003579,Ophcf2|03579,4
GQ602_003591,Ophcf2|03591,2
GQ602_003592,Ophcf2|03592,2
GQ602_003595,Ophcf2|03595,2
GQ602_003597,Ophcf2|03597,1
GQ602_003598,Ophcf2|03598,4
GQ602_003600,Ophcf2|03600,4
GQ602_003604,Ophcf2|03604,2
GQ602_003608,Ophcf2|03608,2
GQ602_003616,Ophcf2|03616,2
GQ602_003619,Ophcf2|03619,1
GQ602_003624,Ophcf2|03624,3
GQ602_003631,Ophcf2|03631,1
GQ602_003635,Ophcf2|03635,4
GQ602_003639,Ophcf2|03639,3
GQ602_003641,Ophcf2|03641,1
GQ602_003644,Ophcf2|03644,1
GQ602_003646,Ophcf2|03646,3
GQ602_003647,Ophcf2|03647,3
GQ602_003651,Ophcf2|03651,3
GQ602_003652,Ophcf2|03652,2
GQ602_003653,Ophcf2|03653,1
GQ602_003656,Ophcf2|03656,4
GQ602_003657,Ophcf2|03657,3
GQ602_003658,Ophcf2|03658,1
GQ602_003659,Ophcf2|03659,4
GQ602_003660,Ophcf2|03660,3
GQ602_003663,Ophcf2|03663,1
GQ602_003664,Ophcf2|03664,4
GQ602_003665,Ophcf2|03665,1
GQ602_003671,Ophcf2|03671,1
GQ602_003672,Ophcf2|03672,2
GQ602_003675,Ophcf2|03675,2
GQ602_003677,Ophcf2|03677,1
GQ602_003685,Ophcf2|03685,2
GQ602_003691,Ophcf2|03691,1
GQ602_003697,Ophcf2|03697,1
GQ602_003698,Ophcf2|03698,4
GQ602_003700,Ophcf2|03700,3
GQ602_003707,Ophcf2|03707,1
GQ602_003708,Ophcf2|03708,1
GQ602_003709,Ophcf2|03709,2
GQ602_003718,Ophcf2|03718,2
GQ602_003723,Ophcf2|03723,4
GQ602_003735,Ophcf2|03735,2
GQ602_003736,Ophcf2|03736,1
GQ602_003738,Ophcf2|03738,2
GQ602_003739,Ophcf2|03739,2
GQ602_003740,Ophcf2|03740,2
GQ602_003743,Ophcf2|03743,2
GQ602_003744,Ophcf2|03744,2
GQ602_003746,Ophcf2|03746,2
GQ602_003750,Ophcf2|03750,4
GQ602_003753,Ophcf2|03753,4
GQ602_003755,Ophcf2|03755,1
GQ602_003756,Ophcf2|03756,1
GQ602_003757,Ophcf2|03757,1
GQ602_003763,Ophcf2|03763,3
GQ602_003766,Ophcf2|03766,3
GQ602_003771,Ophcf2|03771,2
GQ602_003773,Ophcf2|03773,1
GQ602_003775,Ophcf2|03775,2
GQ602_003782,Ophcf2|03782,1
GQ602_003784,Ophcf2|03784,1
GQ602_003785,Ophcf2|03785,1
GQ602_003788,Ophcf2|03788,1
GQ602_003793,Ophcf2|03793,2
GQ602_003796,Ophcf2|03796,2
GQ602_003797,Ophcf2|03797,2
GQ602_003807,Ophcf2|03807,4
GQ602_003808,Ophcf2|03808,4
GQ602_003811,Ophcf2|03811,1
GQ602_003812,Ophcf2|03812,4
GQ602_003813,Ophcf2|03813,2
GQ602_003819,Ophcf2|03819,1
GQ602_003821,Ophcf2|03821,1
GQ602_003822,Ophcf2|03822,1
GQ602_003823,Ophcf2|03823,1
GQ602_003828,Ophcf2|03828,1
GQ602_003835,Ophcf2|03835,1
GQ602_003838,Ophcf2|03838,2
GQ602_003841,Ophcf2|03841,1
GQ602_003843,Ophcf2|03843,4
GQ602_003845,Ophcf2|03845,3
GQ602_003850,Ophcf2|03850,1
GQ602_003852,Ophcf2|03852,1
GQ602_003854,Ophcf2|03854,3
GQ602_003855,Ophcf2|03855,1
GQ602_003858,Ophcf2|03858,2
GQ602_003869,Ophcf2|03869,1
GQ602_003876,Ophcf2|03876,3
GQ602_003880,Ophcf2|03880,1
GQ602_003882,Ophcf2|03882,1
GQ602_003894,Ophcf2|03894,1
GQ602_003898,Ophcf2|03898,4
GQ602_003905,Ophcf2|03905,1
GQ602_003906,Ophcf2|03906,2
GQ602_003918,Ophcf2|03918,3
GQ602_003922,Ophcf2|03922,2
GQ602_003925,Ophcf2|03925,3
GQ602_003926,Ophcf2|03926,1
GQ602_003927,Ophcf2|03927,3
GQ602_003928,Ophcf2|03928,3
GQ602_003929,Ophcf2|03929,4
GQ602_003933,Ophcf2|03933,3
GQ602_003934,Ophcf2|03934,2
GQ602_003935,Ophcf2|03935,4
GQ602_003936,Ophcf2|03936,4
GQ602_003937,Ophcf2|03937,1
GQ602_003940,Ophcf2|03940,1
GQ602_003945,Ophcf2|03945,1
GQ602_003948,Ophcf2|03948,2
GQ602_003949,Ophcf2|03949,3
GQ602_003959,Ophcf2|03959,1
GQ602_003967,Ophcf2|03967,4
GQ602_003968,Ophcf2|03968,3
GQ602_003971,Ophcf2|03971,1
GQ602_003975,Ophcf2|03975,4
GQ602_003978,Ophcf2|03978,1
GQ602_003981,Ophcf2|03981,4
GQ602_003991,Ophcf2|03991,1
GQ602_003992,Ophcf2|03992,1
GQ602_003994,Ophcf2|03994,4
GQ602_003996,Ophcf2|03996,2
GQ602_003998,Ophcf2|03998,1
GQ602_004000,Ophcf2|04000,1
GQ602_004001,Ophcf2|04001,4
GQ602_004003,Ophcf2|04003,4
GQ602_004006,Ophcf2|04006,3
GQ602_004008,Ophcf2|04008,1
GQ602_004011,Ophcf2|04011,1
GQ602_004016,Ophcf2|04016,1
GQ602_004018,Ophcf2|04018,2
GQ602_004019,Ophcf2|04019,4
GQ602_004020,Ophcf2|04020,1
GQ602_004022,Ophcf2|04022,1
GQ602_004026,Ophcf2|04026,2
GQ602_004028,Ophcf2|04028,3
GQ602_004033,Ophcf2|04033,1
GQ602_004034,Ophcf2|04034,3
GQ602_004038,Ophcf2|04038,1
GQ602_004041,Ophcf2|04041,4
GQ602_004043,Ophcf2|04043,1
GQ602_004044,Ophcf2|04044,4
GQ602_004049,Ophcf2|04049,1
GQ602_004051,Ophcf2|04051,1
GQ602_004056,Ophcf2|04056,1
GQ602_004057,Ophcf2|04057,1
GQ602_004058,Ophcf2|04058,1
GQ602_004061,Ophcf2|04061,1
GQ602_004072,Ophcf2|04072,2
GQ602_004078,Ophcf2|04078,2
GQ602_004079,Ophcf2|04079,4
GQ602_004085,Ophcf2|04085,1
GQ602_004086,Ophcf2|04086,1
GQ602_004092,Ophcf2|04092,2
GQ602_004093,Ophcf2|04093,2
GQ602_004104,Ophcf2|04104,1
GQ602_004106,Ophcf2|04106,1
GQ602_004108,Ophcf2|04108,1
GQ602_004109,Ophcf2|04109,1
GQ602_004119,Ophcf2|04119,4
GQ602_004124,Ophcf2|04124,2
GQ602_004130,Ophcf2|04130,4
GQ602_004131,Ophcf2|04131,4
GQ602_004134,Ophcf2|04134,1
GQ602_004135,Ophcf2|04135,4
GQ602_004136,Ophcf2|04136,2
GQ602_004137,Ophcf2|04137,2
GQ602_004138,Ophcf2|04138,2
GQ602_004139,Ophcf2|04139,4
GQ602_004145,Ophcf2|04145,2
GQ602_004146,Ophcf2|04146,2
GQ602_004153,Ophcf2|04153,3
GQ602_004159,Ophcf2|04159,4
GQ602_004166,Ophcf2|04166,2
GQ602_004172,Ophcf2|04172,4
GQ602_004178,Ophcf2|04178,4
GQ602_004187,Ophcf2|04187,3
GQ602_004188,Ophcf2|04188,1
GQ602_004194,Ophcf2|04194,4
GQ602_004196,Ophcf2|04196,2
GQ602_004200,Ophcf2|04200,1
GQ602_004201,Ophcf2|04201,1
GQ602_004206,Ophcf2|04206,4
GQ602_004210,Ophcf2|04210,1
GQ602_004211,Ophcf2|04211,1
GQ602_004215,Ophcf2|04215,2
GQ602_004217,Ophcf2|04217,4
GQ602_004218,Ophcf2|04218,2
GQ602_004219,Ophcf2|04219,1
GQ602_004221,Ophcf2|04221,4
GQ602_004224,Ophcf2|04224,1
GQ602_004227,Ophcf2|04227,3
GQ602_004229,Ophcf2|04229,4
GQ602_004230,Ophcf2|04230,3
GQ602_004231,Ophcf2|04231,1
GQ602_004237,Ophcf2|04237,3
GQ602_004242,Ophcf2|04242,4
GQ602_004243,Ophcf2|04243,2
GQ602_004244,Ophcf2|04244,4
GQ602_004246,Ophcf2|04246,4
GQ602_004250,Ophcf2|04250,4
GQ602_004251,Ophcf2|04251,1
GQ602_004252,Ophcf2|04252,4
GQ602_004255,Ophcf2|04255,1
GQ602_004257,Ophcf2|04257,4
GQ602_004260,Ophcf2|04260,1
GQ602_004262,Ophcf2|04262,4
GQ602_004265,Ophcf2|04265,3
GQ602_004266,Ophcf2|04266,3
GQ602_004267,Ophcf2|04267,1
GQ602_004269,Ophcf2|04269,4
GQ602_004275,Ophcf2|04275,3
GQ602_004278,Ophcf2|04278,4
GQ602_004280,Ophcf2|04280,3
GQ602_004281,Ophcf2|04281,1
GQ602_004287,Ophcf2|04287,4
GQ602_004289,Ophcf2|04289,1
GQ602_004298,Ophcf2|04298,1
GQ602_004301,Ophcf2|04301,4
GQ602_004303,Ophcf2|04303,1
GQ602_004311,Ophcf2|04311,1
GQ602_004319,Ophcf2|04319,4
GQ602_004321,Ophcf2|04321,1
GQ602_004323,Ophcf2|04323,1
GQ602_004327,Ophcf2|04327,3
GQ602_004328,Ophcf2|04328,1
GQ602_004329,Ophcf2|04329,1
GQ602_004332,Ophcf2|04332,2
GQ602_004333,Ophcf2|04333,1
GQ602_004334,Ophcf2|04334,1
GQ602_004337,Ophcf2|04337,2
GQ602_004338,Ophcf2|04338,2
GQ602_004340,Ophcf2|04340,2
GQ602_004345,Ophcf2|04345,3
GQ602_004346,Ophcf2|04346,1
GQ602_004348,Ophcf2|04348,1
GQ602_004349,Ophcf2|04349,1
GQ602_004353,Ophcf2|04353,1
GQ602_004354,Ophcf2|04354,2
GQ602_004355,Ophcf2|04355,3
GQ602_004357,Ophcf2|04357,1
GQ602_004362,Ophcf2|04362,4
GQ602_004364,Ophcf2|04364,1
GQ602_004368,Ophcf2|04368,1
GQ602_004369,Ophcf2|04369,4
GQ602_004370,Ophcf2|04370,4
GQ602_004379,Ophcf2|04379,4
GQ602_004382,Ophcf2|04382,1
GQ602_004383,Ophcf2|04383,1
GQ602_004384,Ophcf2|04384,1
GQ602_004398,Ophcf2|04398,4
GQ602_004399,Ophcf2|04399,2
GQ602_004403,Ophcf2|04403,2
GQ602_004407,Ophcf2|04407,1
GQ602_004408,Ophcf2|04408,1
GQ602_004410,Ophcf2|04410,2
GQ602_004414,Ophcf2|04414,4
GQ602_004417,Ophcf2|04417,1
GQ602_004419,Ophcf2|04419,4
GQ602_004423,Ophcf2|04423,4
GQ602_004426,Ophcf2|04426,1
GQ602_004428,Ophcf2|04428,3
GQ602_004435,Ophcf2|04435,3
GQ602_004439,Ophcf2|04439,4
GQ602_004448,Ophcf2|04448,4
GQ602_004452,Ophcf2|04452,3
GQ602_004454,Ophcf2|04454,3
GQ602_004457,Ophcf2|04457,4
GQ602_004460,Ophcf2|04460,1
GQ602_004463,Ophcf2|04463,2
GQ602_004464,Ophcf2|04464,1
GQ602_004467,Ophcf2|04467,1
GQ602_004470,Ophcf2|04470,1
GQ602_004471,Ophcf2|04471,4
GQ602_004473,Ophcf2|04473,3
GQ602_004474,Ophcf2|04474,1
GQ602_004477,Ophcf2|04477,2
GQ602_004478,Ophcf2|04478,4
GQ602_004479,Ophcf2|04479,1
GQ602_004487,Ophcf2|04487,3
GQ602_004488,Ophcf2|04488,4
GQ602_004489,Ophcf2|04489,2
GQ602_004496,Ophcf2|04496,4
GQ602_004500,Ophcf2|04500,1
GQ602_004503,Ophcf2|04503,2
GQ602_004513,Ophcf2|04513,1
GQ602_004518,Ophcf2|04518,1
GQ602_004519,Ophcf2|04519,4
GQ602_004521,Ophcf2|04521,1
GQ602_004528,Ophcf2|04528,4
GQ602_004531,Ophcf2|04531,1
GQ602_004537,Ophcf2|04537,3
GQ602_004541,Ophcf2|04541,3
GQ602_004547,Ophcf2|04547,4
GQ602_004548,Ophcf2|04548,4
GQ602_004556,Ophcf2|04556,2
GQ602_004557,Ophcf2|04557,2
GQ602_004558,Ophcf2|04558,2
GQ602_004559,Ophcf2|04559,1
GQ602_004568,Ophcf2|04568,2
GQ602_004569,Ophcf2|04569,1
GQ602_004570,Ophcf2|04570,1
GQ602_004575,Ophcf2|04575,4
GQ602_004576,Ophcf2|04576,4
GQ602_004579,Ophcf2|04579,4
GQ602_004580,Ophcf2|04580,4
GQ602_004581,Ophcf2|04581,2
GQ602_004582,Ophcf2|04582,2
GQ602_004584,Ophcf2|04584,2
GQ602_004586,Ophcf2|04586,1
GQ602_004595,Ophcf2|04595,4
GQ602_004600,Ophcf2|04600,2
GQ602_004601,Ophcf2|04601,2
GQ602_004602,Ophcf2|04602,2
GQ602_004603,Ophcf2|04603,2
GQ602_004611,Ophcf2|04611,3
GQ602_004613,Ophcf2|04613,3
GQ602_004615,Ophcf2|04615,2
GQ602_004625,Ophcf2|04625,1
GQ602_004635,Ophcf2|04635,1
GQ602_004638,Ophcf2|04638,1
GQ602_004642,Ophcf2|04642,3
GQ602_004645,Ophcf2|04645,1
GQ602_004646,Ophcf2|04646,3
GQ602_004648,Ophcf2|04648,3
GQ602_004650,Ophcf2|04650,4
GQ602_004654,Ophcf2|04654,1
GQ602_004656,Ophcf2|04656,4
GQ602_004657,Ophcf2|04657,3
GQ602_004659,Ophcf2|04659,4
GQ602_004663,Ophcf2|04663,4
GQ602_004670,Ophcf2|04670,4
GQ602_004675,Ophcf2|04675,1
GQ602_004677,Ophcf2|04677,4
GQ602_004688,Ophcf2|04688,3
GQ602_004690,Ophcf2|04690,1
GQ602_004694,Ophcf2|04694,1
GQ602_004695,Ophcf2|04695,4
GQ602_004699,Ophcf2|04699,1
GQ602_004700,Ophcf2|04700,2
GQ602_004701,Ophcf2|04701,2
GQ602_004703,Ophcf2|04703,4
GQ602_004706,Ophcf2|04706,2
GQ602_004709,Ophcf2|04709,3
GQ602_004712,Ophcf2|04712,2
GQ602_004713,Ophcf2|04713,3
GQ602_004728,Ophcf2|04728,4
GQ602_004730,Ophcf2|04730,2
GQ602_004737,Ophcf2|04737,3
GQ602_004738,Ophcf2|04738,4
GQ602_004744,Ophcf2|04744,3
GQ602_004750,Ophcf2|04750,2
GQ602_004751,Ophcf2|04751,2
GQ602_004757,Ophcf2|04757,4
GQ602_004758,Ophcf2|04758,4
GQ602_004760,Ophcf2|04760,4
GQ602_004761,Ophcf2|04761,2
GQ602_004762,Ophcf2|04762,4
GQ602_004765,Ophcf2|04765,1
GQ602_004767,Ophcf2|04767,1
GQ602_004770,Ophcf2|04770,1
GQ602_004775,Ophcf2|04775,1
GQ602_004777,Ophcf2|04777,3
GQ602_004786,Ophcf2|04786,1
GQ602_004793,Ophcf2|04793,4
GQ602_004800,Ophcf2|04800,4
GQ602_004801,Ophcf2|04801,2
GQ602_004810,Ophcf2|04810,4
GQ602_004819,Ophcf2|04819,4
GQ602_004826,Ophcf2|04826,1
GQ602_004833,Ophcf2|04833,1
GQ602_004835,Ophcf2|04835,1
GQ602_004838,Ophcf2|04838,3
GQ602_004839,Ophcf2|04839,1
GQ602_004840,Ophcf2|04840,4
GQ602_004844,Ophcf2|04844,3
GQ602_004849,Ophcf2|04849,1
GQ602_004853,Ophcf2|04853,1
GQ602_004854,Ophcf2|04854,3
GQ602_004856,Ophcf2|04856,4
GQ602_004861,Ophcf2|04861,4
GQ602_004865,Ophcf2|04865,1
GQ602_004866,Ophcf2|04866,1
GQ602_004869,Ophcf2|04869,1
GQ602_004878,Ophcf2|04878,1
GQ602_004880,Ophcf2|04880,2
GQ602_004885,Ophcf2|04885,1
GQ602_004886,Ophcf2|04886,1
GQ602_004889,Ophcf2|04889,1
GQ602_004891,Ophcf2|04891,1
GQ602_004892,Ophcf2|04892,4
GQ602_004895,Ophcf2|04895,4
GQ602_004901,Ophcf2|04901,4
GQ602_004904,Ophcf2|04904,4
GQ602_004905,Ophcf2|04905,3
GQ602_004906,Ophcf2|04906,2
GQ602_004908,Ophcf2|04908,2
GQ602_004912,Ophcf2|04912,1
GQ602_004914,Ophcf2|04914,1
GQ602_004919,Ophcf2|04919,1
GQ602_004920,Ophcf2|04920,4
GQ602_004924,Ophcf2|04924,2
GQ602_004926,Ophcf2|04926,2
GQ602_004928,Ophcf2|04928,2
GQ602_004930,Ophcf2|04930,2
GQ602_004931,Ophcf2|04931,1
GQ602_004932,Ophcf2|04932,1
GQ602_004938,Ophcf2|04938,1
GQ602_004942,Ophcf2|04942,2
GQ602_004943,Ophcf2|04943,2
GQ602_004944,Ophcf2|04944,3
GQ602_004947,Ophcf2|04947,1
GQ602_004958,Ophcf2|04958,1
GQ602_004959,Ophcf2|04959,2
GQ602_004962,Ophcf2|04962,1
GQ602_004963,Ophcf2|04963,4
GQ602_004964,Ophcf2|04964,4
GQ602_004970,Ophcf2|04970,2
GQ602_004971,Ophcf2|04971,2
GQ602_004972,Ophcf2|04972,2
GQ602_004973,Ophcf2|04973,1
GQ602_004974,Ophcf2|04974,2
GQ602_004975,Ophcf2|04975,1
GQ602_004978,Ophcf2|04978,2
GQ602_004984,Ophcf2|04984,1
GQ602_004990,Ophcf2|04990,1
GQ602_004995,Ophcf2|04995,1
GQ602_004996,Ophcf2|04996,2
GQ602_004998,Ophcf2|04998,4
GQ602_005004,Ophcf2|05004,4
GQ602_005011,Ophcf2|05011,2
GQ602_005013,Ophcf2|05013,2
GQ602_005014,Ophcf2|05014,1
GQ602_005017,Ophcf2|05017,4
GQ602_005018,Ophcf2|05018,4
GQ602_005019,Ophcf2|05019,4
GQ602_005021,Ophcf2|05021,2
GQ602_005022,Ophcf2|05022,1
GQ602_005023,Ophcf2|05023,1
GQ602_005025,Ophcf2|05025,3
GQ602_005030,Ophcf2|05030,4
GQ602_005031,Ophcf2|05031,4
GQ602_005033,Ophcf2|05033,4
GQ602_005035,Ophcf2|05035,1
GQ602_005037,Ophcf2|05037,1
GQ602_005039,Ophcf2|05039,4
GQ602_005040,Ophcf2|05040,1
GQ602_005044,Ophcf2|05044,4
GQ602_005046,Ophcf2|05046,3
GQ602_005047,Ophcf2|05047,1
GQ602_005049,Ophcf2|05049,3
GQ602_005052,Ophcf2|05052,4
GQ602_005058,Ophcf2|05058,4
GQ602_005060,Ophcf2|05060,4
GQ602_005062,Ophcf2|05062,1
GQ602_005065,Ophcf2|05065,4
GQ602_005076,Ophcf2|05076,4
GQ602_005077,Ophcf2|05077,3
GQ602_005078,Ophcf2|05078,4
GQ602_005080,Ophcf2|05080,4
GQ602_005085,Ophcf2|05085,1
GQ602_005088,Ophcf2|05088,3
GQ602_005089,Ophcf2|05089,4
GQ602_005092,Ophcf2|05092,1
GQ602_005093,Ophcf2|05093,4
GQ602_005094,Ophcf2|05094,1
GQ602_005096,Ophcf2|05096,4
GQ602_005100,Ophcf2|05100,1
GQ602_005104,Ophcf2|05104,1
GQ602_005106,Ophcf2|05106,1
GQ602_005111,Ophcf2|05111,1
GQ602_005119,Ophcf2|05119,1
GQ602_005120,Ophcf2|05120,4
GQ602_005121,Ophcf2|05121,2
GQ602_005122,Ophcf2|05122,4
GQ602_005131,Ophcf2|05131,4
GQ602_005135,Ophcf2|05135,2
GQ602_005139,Ophcf2|05139,2
GQ602_005144,Ophcf2|05144,1
GQ602_005146,Ophcf2|05146,2
GQ602_005150,Ophcf2|05150,1
GQ602_005153,Ophcf2|05153,1
GQ602_005154,Ophcf2|05154,4
GQ602_005159,Ophcf2|05159,3
GQ602_005160,Ophcf2|05160,2
GQ602_005164,Ophcf2|05164,2
GQ602_005166,Ophcf2|05166,3
GQ602_005171,Ophcf2|05171,4
GQ602_005181,Ophcf2|05181,1
GQ602_005192,Ophcf2|05192,2
GQ602_005194,Ophcf2|05194,3
GQ602_005197,Ophcf2|05197,1
GQ602_005198,Ophcf2|05198,1
GQ602_005201,Ophcf2|05201,2
GQ602_005204,Ophcf2|05204,4
GQ602_005206,Ophcf2|05206,3
GQ602_005209,Ophcf2|05209,2
GQ602_005211,Ophcf2|05211,4
GQ602_005213,Ophcf2|05213,4
GQ602_005216,Ophcf2|05216,2
GQ602_005218,Ophcf2|05218,1
GQ602_005220,Ophcf2|05220,3
GQ602_005222,Ophcf2|05222,1
GQ602_005224,Ophcf2|05224,1
GQ602_005226,Ophcf2|05226,1
GQ602_005230,Ophcf2|05230,4
GQ602_005231,Ophcf2|05231,1
GQ602_005236,Ophcf2|05236,2
GQ602_005239,Ophcf2|05239,2
GQ602_005240,Ophcf2|05240,4
GQ602_005250,Ophcf2|05250,4
GQ602_005252,Ophcf2|05252,2
GQ602_005256,Ophcf2|05256,2
GQ602_005257,Ophcf2|05257,4
GQ602_005259,Ophcf2|05259,2
GQ602_005260,Ophcf2|05260,4
GQ602_005261,Ophcf2|05261,4
GQ602_005263,Ophcf2|05263,1
GQ602_005264,Ophcf2|05264,4
GQ602_005267,Ophcf2|05267,2
GQ602_005274,Ophcf2|05274,3
GQ602_005278,Ophcf2|05278,1
GQ602_005282,Ophcf2|05282,1
GQ602_005283,Ophcf2|05283,1
GQ602_005289,Ophcf2|05289,1
GQ602_005298,Ophcf2|05298,4
GQ602_005302,Ophcf2|05302,4
GQ602_005304,Ophcf2|05304,4
GQ602_005306,Ophcf2|05306,1
GQ602_005312,Ophcf2|05312,3
GQ602_005315,Ophcf2|05315,4
GQ602_005316,Ophcf2|05316,3
GQ602_005324,Ophcf2|05324,3
GQ602_005328,Ophcf2|05328,1
GQ602_005333,Ophcf2|05333,2
GQ602_005334,Ophcf2|05334,2
GQ602_005337,Ophcf2|05337,2
GQ602_005338,Ophcf2|05338,2
GQ602_005344,Ophcf2|05344,2
GQ602_005345,Ophcf2|05345,2
GQ602_005347,Ophcf2|05347,4
GQ602_005349,Ophcf2|05349,1
GQ602_005353,Ophcf2|05353,4
GQ602_005357,Ophcf2|05357,1
GQ602_005360,Ophcf2|05360,4
GQ602_005364,Ophcf2|05364,1
GQ602_005365,Ophcf2|05365,1
GQ602_005366,Ophcf2|05366,1
GQ602_005367,Ophcf2|05367,2
GQ602_005375,Ophcf2|05375,1
GQ602_005376,Ophcf2|05376,1
GQ602_005382,Ophcf2|05382,1
GQ602_005388,Ophcf2|05388,4
GQ602_005391,Ophcf2|05391,1
GQ602_005392,Ophcf2|05392,1
GQ602_005396,Ophcf2|05396,4
GQ602_005397,Ophcf2|05397,1
GQ602_005400,Ophcf2|05400,4
GQ602_005405,Ophcf2|05405,1
GQ602_005406,Ophcf2|05406,4
GQ602_005407,Ophcf2|05407,4
GQ602_005409,Ophcf2|05409,1
GQ602_005411,Ophcf2|05411,1
GQ602_005415,Ophcf2|05415,1
GQ602_005422,Ophcf2|05422,4
GQ602_005424,Ophcf2|05424,1
GQ602_005425,Ophcf2|05425,2
GQ602_005427,Ophcf2|05427,3
GQ602_005428,Ophcf2|05428,1
GQ602_005436,Ophcf2|05436,1
GQ602_005447,Ophcf2|05447,1
GQ602_005449,Ophcf2|05449,1
GQ602_005450,Ophcf2|05450,1
GQ602_005451,Ophcf2|05451,4
GQ602_005458,Ophcf2|05458,4
GQ602_005459,Ophcf2|05459,4
GQ602_005467,Ophcf2|05467,2
GQ602_005468,Ophcf2|05468,4
GQ602_005469,Ophcf2|05469,3
GQ602_005470,Ophcf2|05470,4
GQ602_005471,Ophcf2|05471,3
GQ602_005473,Ophcf2|05473,2
GQ602_005476,Ophcf2|05476,1
GQ602_005481,Ophcf2|05481,2
GQ602_005482,Ophcf2|05482,1
GQ602_005485,Ophcf2|05485,2
GQ602_005487,Ophcf2|05487,4
GQ602_005488,Ophcf2|05488,1
GQ602_005499,Ophcf2|05499,1
GQ602_005505,Ophcf2|05505,4
GQ602_005506,Ophcf2|05506,3
GQ602_005510,Ophcf2|05510,2
GQ602_005511,Ophcf2|05511,1
GQ602_005513,Ophcf2|05513,1
GQ602_005514,Ophcf2|05514,2
GQ602_005518,Ophcf2|05518,1
GQ602_005520,Ophcf2|05520,3
GQ602_005530,Ophcf2|05530,1
GQ602_005531,Ophcf2|05531,1
GQ602_005532,Ophcf2|05532,3
GQ602_005534,Ophcf2|05534,2
GQ602_005535,Ophcf2|05535,1
GQ602_005536,Ophcf2|05536,2
GQ602_005537,Ophcf2|05537,4
GQ602_005538,Ophcf2|05538,2
GQ602_005539,Ophcf2|05539,3
GQ602_005548,Ophcf2|05548,1
GQ602_005555,Ophcf2|05555,3
GQ602_005560,Ophcf2|05560,4
GQ602_005563,Ophcf2|05563,1
GQ602_005564,Ophcf2|05564,2
GQ602_005565,Ophcf2|05565,2
GQ602_005567,Ophcf2|05567,4
GQ602_005568,Ophcf2|05568,2
GQ602_005571,Ophcf2|05571,4
GQ602_005574,Ophcf2|05574,1
GQ602_005576,Ophcf2|05576,1
GQ602_005587,Ophcf2|05587,4
GQ602_005590,Ophcf2|05590,2
GQ602_005595,Ophcf2|05595,1
GQ602_005596,Ophcf2|05596,4
GQ602_005601,Ophcf2|05601,4
GQ602_005602,Ophcf2|05602,4
GQ602_005616,Ophcf2|05616,1
GQ602_005621,Ophcf2|05621,2
GQ602_005625,Ophcf2|05625,1
GQ602_005627,Ophcf2|05627,3
GQ602_005631,Ophcf2|05631,4
GQ602_005633,Ophcf2|05633,4
GQ602_005642,Ophcf2|05642,1
GQ602_005650,Ophcf2|05650,1
GQ602_005651,Ophcf2|05651,1
GQ602_005652,Ophcf2|05652,1
GQ602_005657,Ophcf2|05657,1
GQ602_005658,Ophcf2|05658,1
GQ602_005661,Ophcf2|05661,2
GQ602_005671,Ophcf2|05671,1
GQ602_005677,Ophcf2|05677,1
GQ602_005678,Ophcf2|05678,1
GQ602_005679,Ophcf2|05679,1
GQ602_005681,Ophcf2|05681,1
GQ602_005687,Ophcf2|05687,1
GQ602_005688,Ophcf2|05688,4
GQ602_005691,Ophcf2|05691,4
GQ602_005693,Ophcf2|05693,4
GQ602_005694,Ophcf2|05694,4
GQ602_005697,Ophcf2|05697,1
GQ602_005706,Ophcf2|05706,4
GQ602_005708,Ophcf2|05708,2
GQ602_005709,Ophcf2|05709,1
GQ602_005710,Ophcf2|05710,3
GQ602_005715,Ophcf2|05715,1
GQ602_005716,Ophcf2|05716,4
GQ602_005718,Ophcf2|05718,3
GQ602_005719,Ophcf2|05719,3
GQ602_005720,Ophcf2|05720,1
GQ602_005723,Ophcf2|05723,1
GQ602_005724,Ophcf2|05724,4
GQ602_005725,Ophcf2|05725,4
GQ602_005734,Ophcf2|05734,3
GQ602_005736,Ophcf2|05736,2
GQ602_005739,Ophcf2|05739,4
GQ602_005740,Ophcf2|05740,4
GQ602_005747,Ophcf2|05747,4
GQ602_005756,Ophcf2|05756,3
GQ602_005758,Ophcf2|05758,4
GQ602_005760,Ophcf2|05760,4
GQ602_005765,Ophcf2|05765,4
GQ602_005769,Ophcf2|05769,3
GQ602_005774,Ophcf2|05774,2
GQ602_005775,Ophcf2|05775,1
GQ602_005780,Ophcf2|05780,2
GQ602_005782,Ophcf2|05782,3
GQ602_005783,Ophcf2|05783,3
GQ602_005788,Ophcf2|05788,2
GQ602_005789,Ophcf2|05789,1
GQ602_005790,Ophcf2|05790,4
GQ602_005793,Ophcf2|05793,4
GQ602_005795,Ophcf2|05795,4
GQ602_005796,Ophcf2|05796,4
GQ602_005800,Ophcf2|05800,4
GQ602_005801,Ophcf2|05801,3
GQ602_005813,Ophcf2|05813,4
GQ602_005816,Ophcf2|05816,1
GQ602_005822,Ophcf2|05822,3
GQ602_005826,Ophcf2|05826,3
GQ602_005827,Ophcf2|05827,3
GQ602_005828,Ophcf2|05828,1
GQ602_005830,Ophcf2|05830,4
GQ602_005832,Ophcf2|05832,2
GQ602_005838,Ophcf2|05838,2
GQ602_005840,Ophcf2|05840,4
GQ602_005841,Ophcf2|05841,3
GQ602_005847,Ophcf2|05847,4
GQ602_005851,Ophcf2|05851,3
GQ602_005855,Ophcf2|05855,4
GQ602_005857,Ophcf2|05857,3
GQ602_005859,Ophcf2|05859,4
GQ602_005884,Ophcf2|05884,1
GQ602_005886,Ophcf2|05886,2
GQ602_005887,Ophcf2|05887,3
GQ602_005895,Ophcf2|05895,3
GQ602_005896,Ophcf2|05896,3
GQ602_005901,Ophcf2|05901,2
GQ602_005903,Ophcf2|05903,1
GQ602_005907,Ophcf2|05907,1
GQ602_005911,Ophcf2|05911,2
GQ602_005914,Ophcf2|05914,2
GQ602_005915,Ophcf2|05915,2
GQ602_005917,Ophcf2|05917,1
GQ602_005918,Ophcf2|05918,1
GQ602_005919,Ophcf2|05919,4
GQ602_005934,Ophcf2|05934,1
GQ602_005937,Ophcf2|05937,1
GQ602_005938,Ophcf2|05938,1
GQ602_005940,Ophcf2|05940,1
GQ602_005947,Ophcf2|05947,1
GQ602_005955,Ophcf2|05955,2
GQ602_005957,Ophcf2|05957,2
GQ602_005963,Ophcf2|05963,2
GQ602_005965,Ophcf2|05965,4
GQ602_005966,Ophcf2|05966,3
GQ602_005969,Ophcf2|05969,2
GQ602_005970,Ophcf2|05970,2
GQ602_005971,Ophcf2|05971,4
GQ602_005972,Ophcf2|05972,3
GQ602_005974,Ophcf2|05974,2
GQ602_005976,Ophcf2|05976,2
GQ602_005978,Ophcf2|05978,2
GQ602_005984,Ophcf2|05984,4
GQ602_005988,Ophcf2|05988,3
GQ602_005994,Ophcf2|05994,4
GQ602_005995,Ophcf2|05995,2
GQ602_005999,Ophcf2|05999,3
GQ602_006001,Ophcf2|06001,3
GQ602_006009,Ophcf2|06009,4
GQ602_006012,Ophcf2|06012,1
GQ602_006013,Ophcf2|06013,1
GQ602_006016,Ophcf2|06016,1
GQ602_006022,Ophcf2|06022,4
GQ602_006023,Ophcf2|06023,1
GQ602_006024,Ophcf2|06024,2
GQ602_006026,Ophcf2|06026,1
GQ602_006028,Ophcf2|06028,1
GQ602_006034,Ophcf2|06034,4
GQ602_006035,Ophcf2|06035,1
GQ602_006037,Ophcf2|06037,4
GQ602_006038,Ophcf2|06038,4
GQ602_006040,Ophcf2|06040,1
GQ602_006041,Ophcf2|06041,1
GQ602_006042,Ophcf2|06042,1
GQ602_006045,Ophcf2|06045,4
GQ602_006049,Ophcf2|06049,1
GQ602_006050,Ophcf2|06050,2
GQ602_006054,Ophcf2|06054,1
GQ602_006056,Ophcf2|06056,3
GQ602_006057,Ophcf2|06057,3
GQ602_006068,Ophcf2|06068,4
GQ602_006070,Ophcf2|06070,1
GQ602_006071,Ophcf2|06071,1
GQ602_006076,Ophcf2|06076,4
GQ602_006078,Ophcf2|06078,4
GQ602_006083,Ophcf2|06083,1
GQ602_006089,Ophcf2|06089,4
GQ602_006092,Ophcf2|06092,3
GQ602_006093,Ophcf2|06093,3
GQ602_006094,Ophcf2|06094,4
GQ602_006095,Ophcf2|06095,1
GQ602_006097,Ophcf2|06097,1
GQ602_006099,Ophcf2|06099,2
GQ602_006102,Ophcf2|06102,1
GQ602_006103,Ophcf2|06103,2
GQ602_006104,Ophcf2|06104,4
GQ602_006105,Ophcf2|06105,4
GQ602_006106,Ophcf2|06106,1
GQ602_006109,Ophcf2|06109,4
GQ602_006110,Ophcf2|06110,2
GQ602_006118,Ophcf2|06118,1
GQ602_006122,Ophcf2|06122,1
GQ602_006125,Ophcf2|06125,2
GQ602_006127,Ophcf2|06127,2
GQ602_006130,Ophcf2|06130,3
GQ602_006132,Ophcf2|06132,4
GQ602_006133,Ophcf2|06133,4
GQ602_006138,Ophcf2|06138,4
GQ602_006139,Ophcf2|06139,4
GQ602_006140,Ophcf2|06140,1
GQ602_006141,Ophcf2|06141,4
GQ602_006148,Ophcf2|06148,3
GQ602_006150,Ophcf2|06150,3
GQ602_006152,Ophcf2|06152,1
GQ602_006156,Ophcf2|06156,2
GQ602_006158,Ophcf2|06158,4
GQ602_006162,Ophcf2|06162,4
GQ602_006164,Ophcf2|06164,4
GQ602_006168,Ophcf2|06168,1
GQ602_006174,Ophcf2|06174,3
GQ602_006179,Ophcf2|06179,1
GQ602_006183,Ophcf2|06183,2
GQ602_006185,Ophcf2|06185,2
GQ602_006192,Ophcf2|06192,1
GQ602_006193,Ophcf2|06193,1
GQ602_006194,Ophcf2|06194,4
GQ602_006197,Ophcf2|06197,2
GQ602_006200,Ophcf2|06200,4
GQ602_006208,Ophcf2|06208,1
GQ602_006212,Ophcf2|06212,4
GQ602_006219,Ophcf2|06219,4
GQ602_006220,Ophcf2|06220,3
GQ602_006225,Ophcf2|06225,2
GQ602_006229,Ophcf2|06229,1
GQ602_006230,Ophcf2|06230,3
GQ602_006231,Ophcf2|06231,3
GQ602_006232,Ophcf2|06232,3
GQ602_006245,Ophcf2|06245,4
GQ602_006250,Ophcf2|06250,4
GQ602_006254,Ophcf2|06254,1
GQ602_006259,Ophcf2|06259,2
GQ602_006261,Ophcf2|06261,3
GQ602_006264,Ophcf2|06264,1
GQ602_006267,Ophcf2|06267,4
GQ602_006271,Ophcf2|06271,3
GQ602_006273,Ophcf2|06273,1
GQ602_006274,Ophcf2|06274,4
GQ602_006277,Ophcf2|06277,1
GQ602_006283,Ophcf2|06283,3
GQ602_006284,Ophcf2|06284,4
GQ602_006287,Ophcf2|06287,3
GQ602_006289,Ophcf2|06289,3
GQ602_006292,Ophcf2|06292,3
GQ602_006294,Ophcf2|06294,1
GQ602_006299,Ophcf2|06299,2
GQ602_006300,Ophcf2|06300,2
GQ602_006305,Ophcf2|06305,4
GQ602_006308,Ophcf2|06308,2
GQ602_006312,Ophcf2|06312,2
GQ602_006315,Ophcf2|06315,2
GQ602_006316,Ophcf2|06316,4
GQ602_006318,Ophcf2|06318,1
GQ602_006319,Ophcf2|06319,1
GQ602_006320,Ophcf2|06320,2
GQ602_006321,Ophcf2|06321,4
GQ602_006322,Ophcf2|06322,4
GQ602_006326,Ophcf2|06326,4
GQ602_006328,Ophcf2|06328,4
GQ602_006335,Ophcf2|06335,4
GQ602_006336,Ophcf2|06336,4
GQ602_006337,Ophcf2|06337,1
GQ602_006352,Ophcf2|06352,1
GQ602_006355,Ophcf2|06355,3
GQ602_006356,Ophcf2|06356,3
GQ602_006357,Ophcf2|06357,3
GQ602_006359,Ophcf2|06359,4
GQ602_006360,Ophcf2|06360,4
GQ602_006361,Ophcf2|06361,3
GQ602_006366,Ophcf2|06366,2
GQ602_006370,Ophcf2|06370,2
GQ602_006371,Ophcf2|06371,3
GQ602_006372,Ophcf2|06372,4
GQ602_006373,Ophcf2|06373,3
GQ602_006374,Ophcf2|06374,1
GQ602_006375,Ophcf2|06375,2
GQ602_006382,Ophcf2|06382,2
GQ602_006385,Ophcf2|06385,1
GQ602_006390,Ophcf2|06390,4
GQ602_006395,Ophcf2|06395,2
GQ602_006398,Ophcf2|06398,1
GQ602_006399,Ophcf2|06399,2
GQ602_006400,Ophcf2|06400,4
GQ602_006408,Ophcf2|06408,4
GQ602_006411,Ophcf2|06411,4
GQ602_006414,Ophcf2|06414,2
GQ602_006417,Ophcf2|06417,1
GQ602_006418,Ophcf2|06418,1
GQ602_006422,Ophcf2|06422,4
GQ602_006429,Ophcf2|06429,4
GQ602_006431,Ophcf2|06431,1
GQ602_006432,Ophcf2|06432,4
GQ602_006436,Ophcf2|06436,1
GQ602_006438,Ophcf2|06438,4
GQ602_006439,Ophcf2|06439,4
GQ602_006441,Ophcf2|06441,4
GQ602_006442,Ophcf2|06442,4
GQ602_006443,Ophcf2|06443,1
GQ602_006444,Ophcf2|06444,3
GQ602_006445,Ophcf2|06445,4
GQ602_006464,Ophcf2|06464,3
GQ602_006465,Ophcf2|06465,1
GQ602_006468,Ophcf2|06468,4
GQ602_006477,Ophcf2|06477,1
GQ602_006478,Ophcf2|06478,4
GQ602_006482,Ophcf2|06482,4
GQ602_006483,Ophcf2|06483,4
GQ602_006487,Ophcf2|06487,4
GQ602_006488,Ophcf2|06488,4
GQ602_006493,Ophcf2|06493,1
GQ602_006494,Ophcf2|06494,1
GQ602_006496,Ophcf2|06496,3
GQ602_006497,Ophcf2|06497,4
GQ602_006499,Ophcf2|06499,1
GQ602_006500,Ophcf2|06500,2
GQ602_006503,Ophcf2|06503,1
GQ602_006507,Ophcf2|06507,3
GQ602_006510,Ophcf2|06510,2
GQ602_006511,Ophcf2|06511,2
GQ602_006515,Ophcf2|06515,1
GQ602_006517,Ophcf2|06517,1
GQ602_006518,Ophcf2|06518,1
GQ602_006522,Ophcf2|06522,3
GQ602_006524,Ophcf2|06524,1
GQ602_006530,Ophcf2|06530,4
GQ602_006533,Ophcf2|06533,4
GQ602_006534,Ophcf2|06534,3
GQ602_006543,Ophcf2|06543,3
GQ602_006552,Ophcf2|06552,1
GQ602_006555,Ophcf2|06555,2
GQ602_006556,Ophcf2|06556,2
GQ602_006558,Ophcf2|06558,1
GQ602_006561,Ophcf2|06561,3
GQ602_006563,Ophcf2|06563,4
GQ602_006565,Ophcf2|06565,1
GQ602_006566,Ophcf2|06566,4
GQ602_006573,Ophcf2|06573,2
GQ602_006580,Ophcf2|06580,3
GQ602_006582,Ophcf2|06582,2
GQ602_006590,Ophcf2|06590,3
GQ602_006591,Ophcf2|06591,1
GQ602_006605,Ophcf2|06605,3
GQ602_006607,Ophcf2|06607,3
GQ602_006610,Ophcf2|06610,4
GQ602_006611,Ophcf2|06611,1
GQ602_006618,Ophcf2|06618,1
GQ602_006619,Ophcf2|06619,1
GQ602_006621,Ophcf2|06621,2
GQ602_006624,Ophcf2|06624,1
GQ602_006632,Ophcf2|06632,3
GQ602_006634,Ophcf2|06634,1
GQ602_006638,Ophcf2|06638,4
GQ602_006640,Ophcf2|06640,3
GQ602_006641,Ophcf2|06641,2
GQ602_006642,Ophcf2|06642,1
GQ602_006647,Ophcf2|06647,2
GQ602_006650,Ophcf2|06650,4
GQ602_006652,Ophcf2|06652,4
GQ602_006655,Ophcf2|06655,1
GQ602_006656,Ophcf2|06656,4
GQ602_006659,Ophcf2|06659,4
GQ602_006661,Ophcf2|06661,1
GQ602_006662,Ophcf2|06662,1
GQ602_006663,Ophcf2|06663,1
GQ602_006668,Ophcf2|06668,2
GQ602_006670,Ophcf2|06670,1
GQ602_006675,Ophcf2|06675,4
GQ602_006677,Ophcf2|06677,3
GQ602_006678,Ophcf2|06678,3
GQ602_006680,Ophcf2|06680,4
GQ602_006681,Ophcf2|06681,4
GQ602_006684,Ophcf2|06684,4
GQ602_006685,Ophcf2|06685,4
GQ602_006686,Ophcf2|06686,1
GQ602_006692,Ophcf2|06692,2
GQ602_006695,Ophcf2|06695,4
GQ602_006697,Ophcf2|06697,2
GQ602_006698,Ophcf2|06698,4
GQ602_006701,Ophcf2|06701,3
GQ602_006702,Ophcf2|06702,4
GQ602_006703,Ophcf2|06703,4
GQ602_006705,Ophcf2|06705,3
GQ602_006706,Ophcf2|06706,2
GQ602_006708,Ophcf2|06708,4
GQ602_006711,Ophcf2|06711,3
GQ602_006712,Ophcf2|06712,2
GQ602_006716,Ophcf2|06716,4
GQ602_006718,Ophcf2|06718,1
GQ602_006719,Ophcf2|06719,2
GQ602_006720,Ophcf2|06720,4
GQ602_006733,Ophcf2|06733,4
GQ602_006734,Ophcf2|06734,1
GQ602_006736,Ophcf2|06736,4
GQ602_006740,Ophcf2|06740,1
GQ602_006744,Ophcf2|06744,1
GQ602_006746,Ophcf2|06746,1
GQ602_006755,Ophcf2|06755,2
GQ602_006759,Ophcf2|06759,4
GQ602_006762,Ophcf2|06762,2
GQ602_006765,Ophcf2|06765,2
GQ602_006767,Ophcf2|06767,1
GQ602_006768,Ophcf2|06768,2
GQ602_006769,Ophcf2|06769,2
GQ602_006770,Ophcf2|06770,4
GQ602_006775,Ophcf2|06775,1
GQ602_006778,Ophcf2|06778,4
GQ602_006779,Ophcf2|06779,2
GQ602_006782,Ophcf2|06782,2
GQ602_006784,Ophcf2|06784,1
GQ602_006788,Ophcf2|06788,3
GQ602_006789,Ophcf2|06789,1
GQ602_006790,Ophcf2|06790,2
GQ602_006792,Ophcf2|06792,2
GQ602_006795,Ophcf2|06795,2
GQ602_006802,Ophcf2|06802,4
GQ602_006811,Ophcf2|06811,1
GQ602_006814,Ophcf2|06814,1
GQ602_006816,Ophcf2|06816,1
GQ602_006818,Ophcf2|06818,3
GQ602_006819,Ophcf2|06819,4
GQ602_006823,Ophcf2|06823,3
GQ602_006832,Ophcf2|06832,1
GQ602_006833,Ophcf2|06833,2
GQ602_006834,Ophcf2|06834,2
GQ602_006839,Ophcf2|06839,1
GQ602_006841,Ophcf2|06841,1
GQ602_006845,Ophcf2|06845,4
GQ602_006846,Ophcf2|06846,4
GQ602_006849,Ophcf2|06849,1
GQ602_006855,Ophcf2|06855,2
GQ602_006857,Ophcf2|06857,3
GQ602_006865,Ophcf2|06865,2
GQ602_006867,Ophcf2|06867,1
GQ602_006868,Ophcf2|06868,4
GQ602_006876,Ophcf2|06876,3
GQ602_006879,Ophcf2|06879,4
GQ602_006885,Ophcf2|06885,4
GQ602_006891,Ophcf2|06891,2
GQ602_006893,Ophcf2|06893,2
GQ602_006894,Ophcf2|06894,1
GQ602_006896,Ophcf2|06896,4
GQ602_006900,Ophcf2|06900,1
GQ602_006903,Ophcf2|06903,1
GQ602_006912,Ophcf2|06912,1
GQ602_006922,Ophcf2|06922,1
GQ602_006927,Ophcf2|06927,3
GQ602_006932,Ophcf2|06932,1
GQ602_006933,Ophcf2|06933,1
GQ602_006937,Ophcf2|06937,2
GQ602_006939,Ophcf2|06939,2
GQ602_006953,Ophcf2|06953,1
GQ602_006967,Ophcf2|06967,3
GQ602_006968,Ophcf2|06968,4
GQ602_006970,Ophcf2|06970,3
GQ602_006979,Ophcf2|06979,1
GQ602_006987,Ophcf2|06987,1
GQ602_006990,Ophcf2|06990,3
GQ602_006991,Ophcf2|06991,4
GQ602_006992,Ophcf2|06992,1
GQ602_006995,Ophcf2|06995,2
GQ602_006996,Ophcf2|06996,3
GQ602_006997,Ophcf2|06997,2
GQ602_007000,Ophcf2|07000,1
GQ602_007005,Ophcf2|07005,3
GQ602_007011,Ophcf2|07011,2
GQ602_007016,Ophcf2|07016,4
GQ602_007020,Ophcf2|07020,1
GQ602_007021,Ophcf2|07021,4
GQ602_007028,Ophcf2|07028,2
GQ602_007033,Ophcf2|07033,4
GQ602_007039,Ophcf2|07039,2
GQ602_007040,Ophcf2|07040,4
GQ602_007044,Ophcf2|07044,1
GQ602_007047,Ophcf2|07047,4
GQ602_007049,Ophcf2|07049,2
GQ602_007051,Ophcf2|07051,4
GQ602_007061,Ophcf2|07061,1
GQ602_007063,Ophcf2|07063,1
GQ602_007067,Ophcf2|07067,2
GQ602_007068,Ophcf2|07068,1
GQ602_007069,Ophcf2|07069,1
GQ602_007070,Ophcf2|07070,1
GQ602_007075,Ophcf2|07075,3
GQ602_007080,Ophcf2|07080,4
GQ602_007083,Ophcf2|07083,2
GQ602_007086,Ophcf2|07086,2
GQ602_007087,Ophcf2|07087,2
GQ602_007089,Ophcf2|07089,2
GQ602_007098,Ophcf2|07098,4
GQ602_007099,Ophcf2|07099,2
GQ602_007100,Ophcf2|07100,2
GQ602_007102,Ophcf2|07102,4
GQ602_007104,Ophcf2|07104,1
GQ602_007105,Ophcf2|07105,1
GQ602_007110,Ophcf2|07110,1
GQ602_007114,Ophcf2|07114,2
GQ602_007118,Ophcf2|07118,1
GQ602_007119,Ophcf2|07119,1
GQ602_007120,Ophcf2|07120,3
GQ602_007128,Ophcf2|07128,4
GQ602_007130,Ophcf2|07130,4
GQ602_007132,Ophcf2|07132,3
GQ602_007137,Ophcf2|07137,4
GQ602_007139,Ophcf2|07139,3
GQ602_007142,Ophcf2|07142,1
GQ602_007144,Ophcf2|07144,1
GQ602_007146,Ophcf2|07146,1
GQ602_007148,Ophcf2|07148,1
GQ602_007150,Ophcf2|07150,1
GQ602_007151,Ophcf2|07151,1
GQ602_007153,Ophcf2|07153,1
GQ602_007154,Ophcf2|07154,4
GQ602_007155,Ophcf2|07155,4
GQ602_007157,Ophcf2|07157,4
GQ602_007163,Ophcf2|07163,1
GQ602_007171,Ophcf2|07171,4
GQ602_007175,Ophcf2|07175,1
GQ602_007176,Ophcf2|07176,1
GQ602_007177,Ophcf2|07177,1
GQ602_007178,Ophcf2|07178,2
GQ602_007179,Ophcf2|07179,3
GQ602_007189,Ophcf2|07189,1
GQ602_007198,Ophcf2|07198,2
GQ602_007204,Ophcf2|07204,2
GQ602_007206,Ophcf2|07206,1
GQ602_007207,Ophcf2|07207,2
GQ602_007213,Ophcf2|07213,4
GQ602_007215,Ophcf2|07215,3
GQ602_007218,Ophcf2|07218,3
GQ602_007220,Ophcf2|07220,3
GQ602_007222,Ophcf2|07222,4
GQ602_007224,Ophcf2|07224,4
GQ602_007227,Ophcf2|07227,1
GQ602_007229,Ophcf2|07229,2
GQ602_007240,Ophcf2|07240,1
GQ602_007244,Ophcf2|07244,4
GQ602_007246,Ophcf2|07246,2
GQ602_007248,Ophcf2|07248,4
GQ602_007250,Ophcf2|07250,4
GQ602_007251,Ophcf2|07251,2
GQ602_007252,Ophcf2|07252,3
GQ602_007253,Ophcf2|07253,4
GQ602_007262,Ophcf2|07262,3
GQ602_007263,Ophcf2|07263,1
GQ602_007264,Ophcf2|07264,4
GQ602_007266,Ophcf2|07266,2
GQ602_007267,Ophcf2|07267,4
GQ602_007270,Ophcf2|07270,1
GQ602_007272,Ophcf2|07272,1
GQ602_007277,Ophcf2|07277,3
GQ602_007278,Ophcf2|07278,4
GQ602_007279,Ophcf2|07279,4
GQ602_007280,Ophcf2|07280,1
GQ602_007282,Ophcf2|07282,1
GQ602_007284,Ophcf2|07284,2
GQ602_007285,Ophcf2|07285,4
GQ602_007287,Ophcf2|07287,4
GQ602_007294,Ophcf2|07294,4
GQ602_007295,Ophcf2|07295,2
GQ602_007302,Ophcf2|07302,1
GQ602_007303,Ophcf2|07303,1
GQ602_007307,Ophcf2|07307,1
GQ602_007310,Ophcf2|07310,1
GQ602_007311,Ophcf2|07311,4
GQ602_007312,Ophcf2|07312,4
GQ602_007313,Ophcf2|07313,4
GQ602_007314,Ophcf2|07314,4
GQ602_007317,Ophcf2|07317,4
GQ602_007319,Ophcf2|07319,4
GQ602_007320,Ophcf2|07320,3
GQ602_007321,Ophcf2|07321,4
GQ602_007324,Ophcf2|07324,1
GQ602_007326,Ophcf2|07326,4
GQ602_007330,Ophcf2|07330,4
GQ602_007333,Ophcf2|07333,3
GQ602_007339,Ophcf2|07339,3
GQ602_007341,Ophcf2|07341,3
GQ602_007343,Ophcf2|07343,1
GQ602_007344,Ophcf2|07344,3
GQ602_007349,Ophcf2|07349,4
GQ602_007353,Ophcf2|07353,1
GQ602_007354,Ophcf2|07354,4
GQ602_007358,Ophcf2|07358,4
GQ602_007360,Ophcf2|07360,1
GQ602_007362,Ophcf2|07362,3
GQ602_007371,Ophcf2|07371,4
GQ602_007375,Ophcf2|07375,4
GQ602_007378,Ophcf2|07378,4
GQ602_007382,Ophcf2|07382,4
GQ602_007383,Ophcf2|07383,1
GQ602_007384,Ophcf2|07384,1
GQ602_007386,Ophcf2|07386,2
GQ602_007410,Ophcf2|07410,1
GQ602_007419,Ophcf2|07419,1